t_ns,cx,cy,r_px,bx,by,bz,ee_x,ee_y,ee_z,ee_r,ee_p,ee_yaw,vx,vy,vz,wx,wy,wz
1758229621102628269,212,288,25.0,-0.19703414634146343,0.08757073170731709,1.122,nan,nan,nan,nan,nan,nan,nan,nan,nan,nan,nan,nan
1758229621125691946,212,288,25.0,-0.19685853658536584,0.08749268292682927,1.121,nan,nan,nan,nan,nan,nan,nan,nan,nan,nan,nan,nan
1758229621139465272,212,288,25.0,-0.19738536585365854,0.08772682926829269,1.124,nan,nan,nan,nan,nan,nan,nan,nan,nan,nan,nan,nan
1758229621172463335,212,288,25.0,-0.1958048780487805,0.08702439024390243,1.115,nan,nan,nan,nan,nan,nan,nan,nan,nan,nan,nan,nan
1758229621206011441,212,288,25.0,-0.19650731707317073,0.08733658536585366,1.119,nan,nan,nan,nan,nan,nan,nan,nan,nan,nan,nan,nan
1758229621240202801,212,288,25.0,-0.19703414634146343,0.08757073170731709,1.122,nan,nan,nan,nan,nan,nan,nan,nan,nan,nan,nan,nan
1758229621274276474,212,288,25.0,-0.19720975609756097,0.08764878048780488,1.123,nan,nan,nan,nan,nan,nan,nan,nan,nan,nan,nan,nan
1758229621307952564,212,289,25.0,-0.19650731707317073,0.08915609756097562,1.119,nan,nan,nan,nan,nan,nan,nan,nan,nan,nan,nan,nan
1758229621340472052,212,288,25.0,-0.19650731707317073,0.08733658536585366,1.119,nan,nan,nan,nan,nan,nan,nan,nan,nan,nan,nan,nan
1758229621373685674,212,288,25.0,-0.1961560975609756,0.08718048780487805,1.117,nan,nan,nan,nan,nan,nan,nan,nan,nan,nan,nan,nan
1758229621408852257,212,288,25.0,-0.19685853658536584,0.08749268292682927,1.121,nan,nan,nan,nan,nan,nan,nan,nan,nan,nan,nan,nan
1758229621444442025,212,288,25.0,-0.19703414634146343,0.08757073170731709,1.122,nan,nan,nan,nan,nan,nan,nan,nan,nan,nan,nan,nan
1758229621474005798,212,288,25.0,-0.1975609756097561,0.08780487804878048,1.125,nan,nan,nan,nan,nan,nan,nan,nan,nan,nan,nan,nan
1758229621511138679,212,288,25.0,-0.19650731707317073,0.08733658536585366,1.119,nan,nan,nan,nan,nan,nan,nan,nan,nan,nan,nan,nan
1758229621539881651,212,289,25.0,-0.1963317073170732,0.08907642276422764,1.118,nan,nan,nan,nan,nan,nan,nan,nan,nan,nan,nan,nan
1758229621574434137,212,288,25.0,-0.19685853658536584,0.08749268292682927,1.121,nan,nan,nan,nan,nan,nan,nan,nan,nan,nan,nan,nan
1758229621608049590,212,288,25.0,-0.19650731707317073,0.08733658536585366,1.119,nan,nan,nan,nan,nan,nan,nan,nan,nan,nan,nan,nan
1758229621641346065,212,288,25.0,-0.19650731707317073,0.08733658536585366,1.119,nan,nan,nan,nan,nan,nan,nan,nan,nan,nan,nan,nan
1758229621674984593,212,288,25.0,-0.19650731707317073,0.08733658536585366,1.119,nan,nan,nan,nan,nan,nan,nan,nan,nan,nan,nan,nan
1758229621708103083,212,288,25.0,-0.19703414634146343,0.08757073170731709,1.122,nan,nan,nan,nan,nan,nan,nan,nan,nan,nan,nan,nan
1758229621741537810,212,288,25.0,-0.19685853658536584,0.08749268292682927,1.121,nan,nan,nan,nan,nan,nan,nan,nan,nan,nan,nan,nan
1758229621774862582,212,288,25.0,-0.19685853658536584,0.08749268292682927,1.121,nan,nan,nan,nan,nan,nan,nan,nan,nan,nan,nan,nan
1758229621808071033,212,288,25.0,-0.19685853658536584,0.08749268292682927,1.121,nan,nan,nan,nan,nan,nan,nan,nan,nan,nan,nan,nan
1758229621841739102,212,289,25.0,-0.19685853658536584,0.08931544715447155,1.121,nan,nan,nan,nan,nan,nan,nan,nan,nan,nan,nan,nan
1758229621875245233,212,289,25.0,-0.1958048780487805,0.08883739837398373,1.115,nan,nan,nan,nan,nan,nan,nan,nan,nan,nan,nan,nan
1758229621908272945,212,288,25.0,-0.19598048780487806,0.08710243902439026,1.116,nan,nan,nan,nan,nan,nan,nan,nan,nan,nan,nan,nan
1758229621942395802,212,288,25.0,-0.19650731707317073,0.08733658536585366,1.119,nan,nan,nan,nan,nan,nan,nan,nan,nan,nan,nan,nan
1758229621974336311,212,288,25.0,-0.19598048780487806,0.08710243902439026,1.116,nan,nan,nan,nan,nan,nan,nan,nan,nan,nan,nan,nan
1758229622007656555,212,289,25.0,-0.1961560975609756,0.08899674796747967,1.117,nan,nan,nan,nan,nan,nan,nan,nan,nan,nan,nan,nan
1758229622041117863,212,288,25.0,-0.19650731707317073,0.08733658536585366,1.119,nan,nan,nan,nan,nan,nan,nan,nan,nan,nan,nan,nan
1758229622074507969,212,288,25.0,-0.19650731707317073,0.08733658536585366,1.119,nan,nan,nan,nan,nan,nan,nan,nan,nan,nan,nan,nan
1758229622107820489,212,288,25.0,-0.19650731707317073,0.08733658536585366,1.119,nan,nan,nan,nan,nan,nan,nan,nan,nan,nan,nan,nan
1758229622141429958,212,288,25.0,-0.1958048780487805,0.08702439024390243,1.115,nan,nan,nan,nan,nan,nan,nan,nan,nan,nan,nan,nan
1758229622174677106,212,289,25.0,-0.19685853658536584,0.08931544715447155,1.121,nan,nan,nan,nan,nan,nan,nan,nan,nan,nan,nan,nan
1758229622212077888,212,289,25.0,-0.1963317073170732,0.08907642276422764,1.118,nan,nan,nan,nan,nan,nan,nan,nan,nan,nan,nan,nan
1758229622241496745,212,289,25.0,-0.19685853658536584,0.08931544715447155,1.121,nan,nan,nan,nan,nan,nan,nan,nan,nan,nan,nan,nan
1758229622274085682,212,288,25.0,-0.19685853658536584,0.08749268292682927,1.121,nan,nan,nan,nan,nan,nan,nan,nan,nan,nan,nan,nan
1758229622307390373,212,288,25.0,-0.19650731707317073,0.08733658536585366,1.119,nan,nan,nan,nan,nan,nan,nan,nan,nan,nan,nan,nan
1758229622340909387,212,289,25.0,-0.19650731707317073,0.08915609756097562,1.119,nan,nan,nan,nan,nan,nan,nan,nan,nan,nan,nan,nan
1758229622374479654,212,288,25.0,-0.1961560975609756,0.08718048780487805,1.117,nan,nan,nan,nan,nan,nan,nan,nan,nan,nan,nan,nan
1758229622407808132,212,288,25.0,-0.19703414634146343,0.08757073170731709,1.122,nan,nan,nan,nan,nan,nan,nan,nan,nan,nan,nan,nan
1758229622441173391,212,288,25.0,-0.19703414634146343,0.08757073170731709,1.122,nan,nan,nan,nan,nan,nan,nan,nan,nan,nan,nan,nan
1758229622474611194,212,288,25.0,-0.19650731707317073,0.08733658536585366,1.119,nan,nan,nan,nan,nan,nan,nan,nan,nan,nan,nan,nan
1758229622508024778,212,289,25.0,-0.1961560975609756,0.08899674796747967,1.117,nan,nan,nan,nan,nan,nan,nan,nan,nan,nan,nan,nan
1758229622541445045,211,287,25.0,-0.19832682926829268,0.0855170731707317,1.119,nan,nan,nan,nan,nan,nan,nan,nan,nan,nan,nan,nan
1758229622574735612,212,288,25.0,-0.19685853658536584,0.08749268292682927,1.121,nan,nan,nan,nan,nan,nan,nan,nan,nan,nan,nan,nan
1758229622608044338,211,287,25.0,-0.1992130081300813,0.08589918699186992,1.124,nan,nan,nan,nan,nan,nan,nan,nan,nan,nan,nan,nan
1758229622641611487,212,288,25.0,-0.1961560975609756,0.08718048780487805,1.117,nan,nan,nan,nan,nan,nan,nan,nan,nan,nan,nan,nan
1758229622679727215,212,289,25.0,-0.19685853658536584,0.08931544715447155,1.121,nan,nan,nan,nan,nan,nan,nan,nan,nan,nan,nan,nan
1758229622708992217,212,289,25.0,-0.19703414634146343,0.08939512195121953,1.122,nan,nan,nan,nan,nan,nan,nan,nan,nan,nan,nan,nan
1758229622741319987,212,288,25.0,-0.19685853658536584,0.08749268292682927,1.121,nan,nan,nan,nan,nan,nan,nan,nan,nan,nan,nan,nan
1758229622774684587,212,289,25.0,-0.19598048780487806,0.08891707317073172,1.116,nan,nan,nan,nan,nan,nan,nan,nan,nan,nan,nan,nan
1758229622808135771,212,288,25.0,-0.19650731707317073,0.08733658536585366,1.119,nan,nan,nan,nan,nan,nan,nan,nan,nan,nan,nan,nan
1758229622841034042,212,288,25.0,-0.1961560975609756,0.08718048780487805,1.117,nan,nan,nan,nan,nan,nan,nan,nan,nan,nan,nan,nan
1758229622874881455,212,288,25.0,-0.19738536585365854,0.08772682926829269,1.124,nan,nan,nan,nan,nan,nan,nan,nan,nan,nan,nan,nan
1758229622908689331,211,288,25.0,-0.1986813008130081,0.08749268292682927,1.121,nan,nan,nan,nan,nan,nan,nan,nan,nan,nan,nan,nan
1758229622942115787,212,288,25.0,-0.19650731707317073,0.08733658536585366,1.119,nan,nan,nan,nan,nan,nan,nan,nan,nan,nan,nan,nan
1758229622975390698,212,289,25.0,-0.1961560975609756,0.08899674796747967,1.117,nan,nan,nan,nan,nan,nan,nan,nan,nan,nan,nan,nan
1758229623008809182,212,289,25.0,-0.1961560975609756,0.08899674796747967,1.117,nan,nan,nan,nan,nan,nan,nan,nan,nan,nan,nan,nan
1758229623042189445,212,288,25.0,-0.19685853658536584,0.08749268292682927,1.121,nan,nan,nan,nan,nan,nan,nan,nan,nan,nan,nan,nan
1758229623075486755,212,288,25.0,-0.19720975609756097,0.08764878048780488,1.123,nan,nan,nan,nan,nan,nan,nan,nan,nan,nan,nan,nan
1758229623108887971,212,288,25.0,-0.19738536585365854,0.08772682926829269,1.124,nan,nan,nan,nan,nan,nan,nan,nan,nan,nan,nan,nan
1758229623142401025,212,289,25.0,-0.1961560975609756,0.08899674796747967,1.117,nan,nan,nan,nan,nan,nan,nan,nan,nan,nan,nan,nan
1758229623175757179,212,289,25.0,-0.19650731707317073,0.08915609756097562,1.119,nan,nan,nan,nan,nan,nan,nan,nan,nan,nan,nan,nan
1758229623209065405,212,288,25.0,-0.19720975609756097,0.08764878048780488,1.123,nan,nan,nan,nan,nan,nan,nan,nan,nan,nan,nan,nan
1758229623242496977,212,288,25.0,-0.1963317073170732,0.08725853658536585,1.118,nan,nan,nan,nan,nan,nan,nan,nan,nan,nan,nan,nan
1758229623275881937,212,288,25.0,-0.19703414634146343,0.08757073170731709,1.122,nan,nan,nan,nan,nan,nan,nan,nan,nan,nan,nan,nan
1758229623309165597,212,288,25.0,-0.19685853658536584,0.08749268292682927,1.121,nan,nan,nan,nan,nan,nan,nan,nan,nan,nan,nan,nan
1758229623342485155,212,288,25.0,-0.1963317073170732,0.08725853658536585,1.118,nan,nan,nan,nan,nan,nan,nan,nan,nan,nan,nan,nan
1758229623376969195,212,289,25.0,-0.19685853658536584,0.08931544715447155,1.121,nan,nan,nan,nan,nan,nan,nan,nan,nan,nan,nan,nan
1758229623409267104,212,288,25.0,-0.1963317073170732,0.08725853658536585,1.118,nan,nan,nan,nan,nan,nan,nan,nan,nan,nan,nan,nan
1758229623442758709,212,288,25.0,-0.1963317073170732,0.08725853658536585,1.118,nan,nan,nan,nan,nan,nan,nan,nan,nan,nan,nan,nan
1758229623476001998,212,289,25.0,-0.1961560975609756,0.08899674796747967,1.117,nan,nan,nan,nan,nan,nan,nan,nan,nan,nan,nan,nan
1758229623509536016,211,287,25.0,-0.19885853658536587,0.08574634146341464,1.122,nan,nan,nan,nan,nan,nan,nan,nan,nan,nan,nan,nan
1758229623542751778,212,288,25.0,-0.19650731707317073,0.08733658536585366,1.119,nan,nan,nan,nan,nan,nan,nan,nan,nan,nan,nan,nan
1758229623576207340,212,289,25.0,-0.1963317073170732,0.08907642276422764,1.118,nan,nan,nan,nan,nan,nan,nan,nan,nan,nan,nan,nan
1758229623609592394,212,288,25.0,-0.19650731707317073,0.08733658536585366,1.119,nan,nan,nan,nan,nan,nan,nan,nan,nan,nan,nan,nan
1758229623643017140,212,288,25.0,-0.19598048780487806,0.08710243902439026,1.116,nan,nan,nan,nan,nan,nan,nan,nan,nan,nan,nan,nan
1758229623676280647,212,288,25.0,-0.1958048780487805,0.08702439024390243,1.115,nan,nan,nan,nan,nan,nan,nan,nan,nan,nan,nan,nan
1758229623709731371,212,288,25.0,-0.1963317073170732,0.08725853658536585,1.118,nan,nan,nan,nan,nan,nan,nan,nan,nan,nan,nan,nan
1758229623743064268,212,288,25.0,-0.19650731707317073,0.08733658536585366,1.119,nan,nan,nan,nan,nan,nan,nan,nan,nan,nan,nan,nan
1758229623776478164,212,288,25.0,-0.19685853658536584,0.08749268292682927,1.121,nan,nan,nan,nan,nan,nan,nan,nan,nan,nan,nan,nan
1758229623809926749,212,289,25.0,-0.19650731707317073,0.08915609756097562,1.119,nan,nan,nan,nan,nan,nan,nan,nan,nan,nan,nan,nan
1758229623842127346,212,288,25.0,-0.19650731707317073,0.08733658536585366,1.119,nan,nan,nan,nan,nan,nan,nan,nan,nan,nan,nan,nan
1758229623875758335,212,288,25.0,-0.19685853658536584,0.08749268292682927,1.121,nan,nan,nan,nan,nan,nan,nan,nan,nan,nan,nan,nan
1758229623909651067,212,289,25.0,-0.19685853658536584,0.08931544715447155,1.121,nan,nan,nan,nan,nan,nan,nan,nan,nan,nan,nan,nan
1758229623943217502,212,289,25.0,-0.19650731707317073,0.08915609756097562,1.119,nan,nan,nan,nan,nan,nan,nan,nan,nan,nan,nan,nan
1758229623976742724,212,289,25.0,-0.19598048780487806,0.08891707317073172,1.116,nan,nan,nan,nan,nan,nan,nan,nan,nan,nan,nan,nan
1758229624010151326,212,288,25.0,-0.19650731707317073,0.08733658536585366,1.119,nan,nan,nan,nan,nan,nan,nan,nan,nan,nan,nan,nan
1758229624043673503,212,288,25.0,-0.19703414634146343,0.08757073170731709,1.122,nan,nan,nan,nan,nan,nan,nan,nan,nan,nan,nan,nan
1758229624076964128,212,288,25.0,-0.19650731707317073,0.08733658536585366,1.119,nan,nan,nan,nan,nan,nan,nan,nan,nan,nan,nan,nan
1758229624110335792,212,288,25.0,-0.1963317073170732,0.08725853658536585,1.118,nan,nan,nan,nan,nan,nan,nan,nan,nan,nan,nan,nan
1758229624143517471,212,288,25.0,-0.19685853658536584,0.08749268292682927,1.121,nan,nan,nan,nan,nan,nan,nan,nan,nan,nan,nan,nan
1758229624178161281,212,289,25.0,-0.19598048780487806,0.08891707317073172,1.116,nan,nan,nan,nan,nan,nan,nan,nan,nan,nan,nan,nan
1758229624209884467,212,288,25.0,-0.1961560975609756,0.08718048780487805,1.117,nan,nan,nan,nan,nan,nan,nan,nan,nan,nan,nan,nan
1758229624243520055,212,289,25.0,-0.19685853658536584,0.08931544715447155,1.121,nan,nan,nan,nan,nan,nan,nan,nan,nan,nan,nan,nan
1758229624276777765,212,288,25.0,-0.19650731707317073,0.08733658536585366,1.119,nan,nan,nan,nan,nan,nan,nan,nan,nan,nan,nan,nan
1758229624310270365,212,288,25.0,-0.19598048780487806,0.08710243902439026,1.116,nan,nan,nan,nan,nan,nan,nan,nan,nan,nan,nan,nan
1758229624343575103,212,288,25.0,-0.19685853658536584,0.08749268292682927,1.121,nan,nan,nan,nan,nan,nan,nan,nan,nan,nan,nan,nan
1758229624376872762,212,288,25.0,-0.19703414634146343,0.08757073170731709,1.122,nan,nan,nan,nan,nan,nan,nan,nan,nan,nan,nan,nan
1758229624410144917,212,288,25.0,-0.19650731707317073,0.08733658536585366,1.119,nan,nan,nan,nan,nan,nan,nan,nan,nan,nan,nan,nan
1758229624443626631,212,288,25.0,-0.1961560975609756,0.08718048780487805,1.117,nan,nan,nan,nan,nan,nan,nan,nan,nan,nan,nan,nan
1758229624476929881,211,288,25.0,-0.19797235772357724,0.08718048780487805,1.117,nan,nan,nan,nan,nan,nan,nan,nan,nan,nan,nan,nan
1758229624510376703,212,289,25.0,-0.1961560975609756,0.08899674796747967,1.117,nan,nan,nan,nan,nan,nan,nan,nan,nan,nan,nan,nan
1758229624544035975,212,288,25.0,-0.19685853658536584,0.08749268292682927,1.121,nan,nan,nan,nan,nan,nan,nan,nan,nan,nan,nan,nan
1758229624578291823,212,288,25.0,-0.1961560975609756,0.08718048780487805,1.117,nan,nan,nan,nan,nan,nan,nan,nan,nan,nan,nan,nan
1758229624611982036,212,288,25.0,-0.19685853658536584,0.08749268292682927,1.121,nan,nan,nan,nan,nan,nan,nan,nan,nan,nan,nan,nan
1758229624644649715,211,287,25.0,-0.1986813008130081,0.08566991869918698,1.121,nan,nan,nan,nan,nan,nan,nan,nan,nan,nan,nan,nan
1758229624678034532,212,288,25.0,-0.1963317073170732,0.08725853658536585,1.118,nan,nan,nan,nan,nan,nan,nan,nan,nan,nan,nan,nan
1758229624715440290,212,288,25.0,-0.19650731707317073,0.08733658536585366,1.119,nan,nan,nan,nan,nan,nan,nan,nan,nan,nan,nan,nan
1758229624744636508,211,288,25.0,-0.19814959349593497,0.08725853658536585,1.118,nan,nan,nan,nan,nan,nan,nan,nan,nan,nan,nan,nan
1758229624776859979,212,288,25.0,-0.1961560975609756,0.08718048780487805,1.117,nan,nan,nan,nan,nan,nan,nan,nan,nan,nan,nan,nan
1758229624810270013,211,287,25.0,-0.19797235772357724,0.08536422764227643,1.117,nan,nan,nan,nan,nan,nan,nan,nan,nan,nan,nan,nan
1758229624843757259,212,289,25.0,-0.19650731707317073,0.08915609756097562,1.119,nan,nan,nan,nan,nan,nan,nan,nan,nan,nan,nan,nan
1758229624877470832,212,289,25.0,-0.19650731707317073,0.08915609756097562,1.119,nan,nan,nan,nan,nan,nan,nan,nan,nan,nan,nan,nan
1758229624911161528,212,288,25.0,-0.1963317073170732,0.08725853658536585,1.118,nan,nan,nan,nan,nan,nan,nan,nan,nan,nan,nan,nan
1758229624944489330,212,288,25.0,-0.19685853658536584,0.08749268292682927,1.121,nan,nan,nan,nan,nan,nan,nan,nan,nan,nan,nan,nan
1758229624977877594,212,288,25.0,-0.19650731707317073,0.08733658536585366,1.119,nan,nan,nan,nan,nan,nan,nan,nan,nan,nan,nan,nan
1758229625011192213,212,288,25.0,-0.19685853658536584,0.08749268292682927,1.121,nan,nan,nan,nan,nan,nan,nan,nan,nan,nan,nan,nan
1758229625044575199,212,288,25.0,-0.19685853658536584,0.08749268292682927,1.121,nan,nan,nan,nan,nan,nan,nan,nan,nan,nan,nan,nan
1758229625077930261,212,288,25.0,-0.19650731707317073,0.08733658536585366,1.119,nan,nan,nan,nan,nan,nan,nan,nan,nan,nan,nan,nan
1758229625111354707,212,288,25.0,-0.1963317073170732,0.08725853658536585,1.118,nan,nan,nan,nan,nan,nan,nan,nan,nan,nan,nan,nan
1758229625144800723,212,288,25.0,-0.19650731707317073,0.08733658536585366,1.119,nan,nan,nan,nan,nan,nan,nan,nan,nan,nan,nan,nan
1758229625178054494,212,289,25.0,-0.1963317073170732,0.08907642276422764,1.118,nan,nan,nan,nan,nan,nan,nan,nan,nan,nan,nan,nan
1758229625211422067,212,288,25.0,-0.19685853658536584,0.08749268292682927,1.121,nan,nan,nan,nan,nan,nan,nan,nan,nan,nan,nan,nan
1758229625244740629,212,288,25.0,-0.19650731707317073,0.08733658536585366,1.119,nan,nan,nan,nan,nan,nan,nan,nan,nan,nan,nan,nan
1758229625278153581,212,288,25.0,-0.19650731707317073,0.08733658536585366,1.119,nan,nan,nan,nan,nan,nan,nan,nan,nan,nan,nan,nan
1758229625311555334,212,288,25.0,-0.19650731707317073,0.08733658536585366,1.119,nan,nan,nan,nan,nan,nan,nan,nan,nan,nan,nan,nan
1758229625344784874,212,288,25.0,-0.19650731707317073,0.08733658536585366,1.119,nan,nan,nan,nan,nan,nan,nan,nan,nan,nan,nan,nan
1758229625378201868,212,288,25.0,-0.1961560975609756,0.08718048780487805,1.117,nan,nan,nan,nan,nan,nan,nan,nan,nan,nan,nan,nan
1758229625411648334,211,287,25.0,-0.1986813008130081,0.08566991869918698,1.121,nan,nan,nan,nan,nan,nan,nan,nan,nan,nan,nan,nan
1758229625445024305,212,288,25.0,-0.19703414634146343,0.08757073170731709,1.122,nan,nan,nan,nan,nan,nan,nan,nan,nan,nan,nan,nan
1758229625478511500,212,288,25.0,-0.19650731707317073,0.08733658536585366,1.119,nan,nan,nan,nan,nan,nan,nan,nan,nan,nan,nan,nan
1758229625511782803,212,288,25.0,-0.19738536585365854,0.08772682926829269,1.124,nan,nan,nan,nan,nan,nan,nan,nan,nan,nan,nan,nan
1758229625545299866,212,288,25.0,-0.19650731707317073,0.08733658536585366,1.119,nan,nan,nan,nan,nan,nan,nan,nan,nan,nan,nan,nan
1758229625577915114,212,289,25.0,-0.19685853658536584,0.08931544715447155,1.121,nan,nan,nan,nan,nan,nan,nan,nan,nan,nan,nan,nan
1758229625610989183,212,288,25.0,-0.19720975609756097,0.08764878048780488,1.123,nan,nan,nan,nan,nan,nan,nan,nan,nan,nan,nan,nan
1758229625644968740,212,289,25.0,-0.1963317073170732,0.08907642276422764,1.118,nan,nan,nan,nan,nan,nan,nan,nan,nan,nan,nan,nan
1758229625679751838,212,289,25.0,-0.19703414634146343,0.08939512195121953,1.122,nan,nan,nan,nan,nan,nan,nan,nan,nan,nan,nan,nan
1758229625713267758,211,288,25.0,-0.19832682926829268,0.08733658536585366,1.119,nan,nan,nan,nan,nan,nan,nan,nan,nan,nan,nan,nan
1758229625746680732,212,289,25.0,-0.19685853658536584,0.08931544715447155,1.121,nan,nan,nan,nan,nan,nan,nan,nan,nan,nan,nan,nan
1758229625779149839,212,289,25.0,-0.1963317073170732,0.08907642276422764,1.118,nan,nan,nan,nan,nan,nan,nan,nan,nan,nan,nan,nan
1758229625812596495,212,288,25.0,-0.19685853658536584,0.08749268292682927,1.121,nan,nan,nan,nan,nan,nan,nan,nan,nan,nan,nan,nan
1758229625844535131,212,288,25.0,-0.19685853658536584,0.08749268292682927,1.121,nan,nan,nan,nan,nan,nan,nan,nan,nan,nan,nan,nan
1758229625878453895,212,288,25.0,-0.19685853658536584,0.08749268292682927,1.121,nan,nan,nan,nan,nan,nan,nan,nan,nan,nan,nan,nan
1758229625912390812,211,287,25.0,-0.1986813008130081,0.08566991869918698,1.121,nan,nan,nan,nan,nan,nan,nan,nan,nan,nan,nan,nan
1758229625946586334,212,289,25.0,-0.19685853658536584,0.08931544715447155,1.121,nan,nan,nan,nan,nan,nan,nan,nan,nan,nan,nan,nan
1758229625979838431,212,288,25.0,-0.19685853658536584,0.08749268292682927,1.121,nan,nan,nan,nan,nan,nan,nan,nan,nan,nan,nan,nan
1758229626013325532,212,288,25.0,-0.19650731707317073,0.08733658536585366,1.119,nan,nan,nan,nan,nan,nan,nan,nan,nan,nan,nan,nan
1758229626046058839,212,288,25.0,-0.19703414634146343,0.08757073170731709,1.122,nan,nan,nan,nan,nan,nan,nan,nan,nan,nan,nan,nan
1758229626079033977,212,289,25.0,-0.1961560975609756,0.08899674796747967,1.117,nan,nan,nan,nan,nan,nan,nan,nan,nan,nan,nan,nan
1758229626112358553,212,288,25.0,-0.19720975609756097,0.08764878048780488,1.123,nan,nan,nan,nan,nan,nan,nan,nan,nan,nan,nan,nan
1758229626150287129,212,288,25.0,-0.19650731707317073,0.08733658536585366,1.119,nan,nan,nan,nan,nan,nan,nan,nan,nan,nan,nan,nan
1758229626179651259,212,288,25.0,-0.1961560975609756,0.08718048780487805,1.117,nan,nan,nan,nan,nan,nan,nan,nan,nan,nan,nan,nan
1758229626212214383,212,288,25.0,-0.19685853658536584,0.08749268292682927,1.121,nan,nan,nan,nan,nan,nan,nan,nan,nan,nan,nan,nan
1758229626245620854,212,288,25.0,-0.1961560975609756,0.08718048780487805,1.117,nan,nan,nan,nan,nan,nan,nan,nan,nan,nan,nan,nan
1758229626279480251,211,288,25.0,-0.19832682926829268,0.08733658536585366,1.119,nan,nan,nan,nan,nan,nan,nan,nan,nan,nan,nan,nan
1758229626313626477,212,288,25.0,-0.19685853658536584,0.08749268292682927,1.121,nan,nan,nan,nan,nan,nan,nan,nan,nan,nan,nan,nan
1758229626347222757,212,288,25.0,-0.19685853658536584,0.08749268292682927,1.121,nan,nan,nan,nan,nan,nan,nan,nan,nan,nan,nan,nan
1758229626380638857,212,289,25.0,-0.19738536585365854,0.08955447154471546,1.124,nan,nan,nan,nan,nan,nan,nan,nan,nan,nan,nan,nan
1758229626413749781,212,289,25.0,-0.19650731707317073,0.08915609756097562,1.119,nan,nan,nan,nan,nan,nan,nan,nan,nan,nan,nan,nan
1758229626450725247,212,288,25.0,-0.19720975609756097,0.08764878048780488,1.123,nan,nan,nan,nan,nan,nan,nan,nan,nan,nan,nan,nan
1758229626479671190,211,288,25.0,-0.1986813008130081,0.08749268292682927,1.121,nan,nan,nan,nan,nan,nan,nan,nan,nan,nan,nan,nan
1758229626512152670,212,288,25.0,-0.19650731707317073,0.08733658536585366,1.119,nan,nan,nan,nan,nan,nan,nan,nan,nan,nan,nan,nan
1758229626545837774,212,288,25.0,-0.19650731707317073,0.08733658536585366,1.119,nan,nan,nan,nan,nan,nan,nan,nan,nan,nan,nan,nan
1758229626579701765,212,289,25.0,-0.19650731707317073,0.08915609756097562,1.119,nan,nan,nan,nan,nan,nan,nan,nan,nan,nan,nan,nan
1758229626613693696,212,289,25.0,-0.1961560975609756,0.08899674796747967,1.117,nan,nan,nan,nan,nan,nan,nan,nan,nan,nan,nan,nan
1758229626647289882,211,287,25.0,-0.19885853658536587,0.08574634146341464,1.122,nan,nan,nan,nan,nan,nan,nan,nan,nan,nan,nan,nan
1758229626680596681,212,288,25.0,-0.19703414634146343,0.08757073170731709,1.122,nan,nan,nan,nan,nan,nan,nan,nan,nan,nan,nan,nan
1758229626714029447,212,288,25.0,-0.1963317073170732,0.08725853658536585,1.118,nan,nan,nan,nan,nan,nan,nan,nan,nan,nan,nan,nan
1758229626747480698,212,289,25.0,-0.1963317073170732,0.08907642276422764,1.118,nan,nan,nan,nan,nan,nan,nan,nan,nan,nan,nan,nan
1758229626780690437,212,288,25.0,-0.19650731707317073,0.08733658536585366,1.119,nan,nan,nan,nan,nan,nan,nan,nan,nan,nan,nan,nan
1758229626814145074,212,288,25.0,-0.19703414634146343,0.08757073170731709,1.122,nan,nan,nan,nan,nan,nan,nan,nan,nan,nan,nan,nan
1758229626846722961,212,288,25.0,-0.1961560975609756,0.08718048780487805,1.117,nan,nan,nan,nan,nan,nan,nan,nan,nan,nan,nan,nan
1758229626881097366,212,288,25.0,-0.19650731707317073,0.08733658536585366,1.119,nan,nan,nan,nan,nan,nan,nan,nan,nan,nan,nan,nan
1758229626913085748,212,289,25.0,-0.1958048780487805,0.08883739837398373,1.115,nan,nan,nan,nan,nan,nan,nan,nan,nan,nan,nan,nan
1758229626951257386,212,288,25.0,-0.1963317073170732,0.08725853658536585,1.118,nan,nan,nan,nan,nan,nan,nan,nan,nan,nan,nan,nan
1758229626980520892,211,288,25.0,-0.1977951219512195,0.08710243902439026,1.116,nan,nan,nan,nan,nan,nan,nan,nan,nan,nan,nan,nan
1758229627012964916,211,287,25.0,-0.19797235772357724,0.08536422764227643,1.117,nan,nan,nan,nan,nan,nan,nan,nan,nan,nan,nan,nan
1758229627046542312,212,288,25.0,-0.1963317073170732,0.08725853658536585,1.118,nan,nan,nan,nan,nan,nan,nan,nan,nan,nan,nan,nan
1758229627080555840,212,289,25.0,-0.1963317073170732,0.08907642276422764,1.118,nan,nan,nan,nan,nan,nan,nan,nan,nan,nan,nan,nan
1758229627114109015,211,288,25.0,-0.19832682926829268,0.08733658536585366,1.119,nan,nan,nan,nan,nan,nan,nan,nan,nan,nan,nan,nan
1758229627147316344,212,288,25.0,-0.19685853658536584,0.08749268292682927,1.121,nan,nan,nan,nan,nan,nan,nan,nan,nan,nan,nan,nan
1758229627180928427,212,288,25.0,-0.19720975609756097,0.08764878048780488,1.123,nan,nan,nan,nan,nan,nan,nan,nan,nan,nan,nan,nan
1758229627214223117,212,288,25.0,-0.1963317073170732,0.08725853658536585,1.118,nan,nan,nan,nan,nan,nan,nan,nan,nan,nan,nan,nan
1758229627247596734,211,287,25.0,-0.1986813008130081,0.08566991869918698,1.121,nan,nan,nan,nan,nan,nan,nan,nan,nan,nan,nan,nan
1758229627281094540,212,288,25.0,-0.19703414634146343,0.08757073170731709,1.122,nan,nan,nan,nan,nan,nan,nan,nan,nan,nan,nan,nan
1758229627314179453,212,288,25.0,-0.19685853658536584,0.08749268292682927,1.121,nan,nan,nan,nan,nan,nan,nan,nan,nan,nan,nan,nan
1758229627347097623,212,288,25.0,-0.19720975609756097,0.08764878048780488,1.123,nan,nan,nan,nan,nan,nan,nan,nan,nan,nan,nan,nan
1758229627385194699,211,287,25.0,-0.19832682926829268,0.0855170731707317,1.119,nan,nan,nan,nan,nan,nan,nan,nan,nan,nan,nan,nan
1758229627414604879,212,289,25.0,-0.19703414634146343,0.08939512195121953,1.122,nan,nan,nan,nan,nan,nan,nan,nan,nan,nan,nan,nan
1758229627446800098,212,288,25.0,-0.19703414634146343,0.08757073170731709,1.122,nan,nan,nan,nan,nan,nan,nan,nan,nan,nan,nan,nan
1758229627480289955,212,289,25.0,-0.1963317073170732,0.08907642276422764,1.118,nan,nan,nan,nan,nan,nan,nan,nan,nan,nan,nan,nan
1758229627513856642,212,288,25.0,-0.19650731707317073,0.08733658536585366,1.119,nan,nan,nan,nan,nan,nan,nan,nan,nan,nan,nan,nan
1758229627547021062,212,288,25.0,-0.19685853658536584,0.08749268292682927,1.121,nan,nan,nan,nan,nan,nan,nan,nan,nan,nan,nan,nan
1758229627580534889,212,288,25.0,-0.1963317073170732,0.08725853658536585,1.118,nan,nan,nan,nan,nan,nan,nan,nan,nan,nan,nan,nan
1758229627614164554,212,289,25.0,-0.19650731707317073,0.08915609756097562,1.119,nan,nan,nan,nan,nan,nan,nan,nan,nan,nan,nan,nan
1758229627647502475,212,288,25.0,-0.1963317073170732,0.08725853658536585,1.118,nan,nan,nan,nan,nan,nan,nan,nan,nan,nan,nan,nan
1758229627680694729,212,288,25.0,-0.19703414634146343,0.08757073170731709,1.122,nan,nan,nan,nan,nan,nan,nan,nan,nan,nan,nan,nan
1758229627714232048,212,288,25.0,-0.19598048780487806,0.08710243902439026,1.116,nan,nan,nan,nan,nan,nan,nan,nan,nan,nan,nan,nan
1758229627747446781,212,288,25.0,-0.19650731707317073,0.08733658536585366,1.119,nan,nan,nan,nan,nan,nan,nan,nan,nan,nan,nan,nan
1758229627780967675,212,288,25.0,-0.19650731707317073,0.08733658536585366,1.119,nan,nan,nan,nan,nan,nan,nan,nan,nan,nan,nan,nan
1758229627814373157,212,288,25.0,-0.1963317073170732,0.08725853658536585,1.118,nan,nan,nan,nan,nan,nan,nan,nan,nan,nan,nan,nan
1758229627847586850,212,289,25.0,-0.19650731707317073,0.08915609756097562,1.119,nan,nan,nan,nan,nan,nan,nan,nan,nan,nan,nan,nan
1758229627880623545,212,288,25.0,-0.19685853658536584,0.08749268292682927,1.121,nan,nan,nan,nan,nan,nan,nan,nan,nan,nan,nan,nan
1758229627919046976,212,288,25.0,-0.19685853658536584,0.08749268292682927,1.121,nan,nan,nan,nan,nan,nan,nan,nan,nan,nan,nan,nan
1758229627948064896,212,288,25.0,-0.1963317073170732,0.08725853658536585,1.118,nan,nan,nan,nan,nan,nan,nan,nan,nan,nan,nan,nan
1758229627980734039,212,288,25.0,-0.19650731707317073,0.08733658536585366,1.119,nan,nan,nan,nan,nan,nan,nan,nan,nan,nan,nan,nan
1758229628014956198,212,288,25.0,-0.19685853658536584,0.08749268292682927,1.121,nan,nan,nan,nan,nan,nan,nan,nan,nan,nan,nan,nan
1758229628049865361,212,288,25.0,-0.19685853658536584,0.08749268292682927,1.121,nan,nan,nan,nan,nan,nan,nan,nan,nan,nan,nan,nan
1758229628083286762,212,288,25.0,-0.1963317073170732,0.08725853658536585,1.118,nan,nan,nan,nan,nan,nan,nan,nan,nan,nan,nan,nan
1758229628115136431,212,288,25.0,-0.19703414634146343,0.08757073170731709,1.122,nan,nan,nan,nan,nan,nan,nan,nan,nan,nan,nan,nan
1758229628148441883,212,288,25.0,-0.19650731707317073,0.08733658536585366,1.119,nan,nan,nan,nan,nan,nan,nan,nan,nan,nan,nan,nan
1758229628181804619,212,288,25.0,-0.19703414634146343,0.08757073170731709,1.122,nan,nan,nan,nan,nan,nan,nan,nan,nan,nan,nan,nan
1758229628215286727,212,288,25.0,-0.19650731707317073,0.08733658536585366,1.119,nan,nan,nan,nan,nan,nan,nan,nan,nan,nan,nan,nan
1758229628248670942,212,288,25.0,-0.19685853658536584,0.08749268292682927,1.121,nan,nan,nan,nan,nan,nan,nan,nan,nan,nan,nan,nan
1758229628282030745,212,288,25.0,-0.19703414634146343,0.08757073170731709,1.122,nan,nan,nan,nan,nan,nan,nan,nan,nan,nan,nan,nan
1758229628315759297,211,287,25.0,-0.19832682926829268,0.0855170731707317,1.119,nan,nan,nan,nan,nan,nan,nan,nan,nan,nan,nan,nan
1758229628348807648,211,287,25.0,-0.1986813008130081,0.08566991869918698,1.121,nan,nan,nan,nan,nan,nan,nan,nan,nan,nan,nan,nan
1758229628382001131,212,289,25.0,-0.19650731707317073,0.08915609756097562,1.119,nan,nan,nan,nan,nan,nan,nan,nan,nan,nan,nan,nan
1758229628415540976,211,287,25.0,-0.19903577235772357,0.08582276422764228,1.123,nan,nan,nan,nan,nan,nan,nan,nan,nan,nan,nan,nan
1758229628448766691,212,288,25.0,-0.19685853658536584,0.08749268292682927,1.121,nan,nan,nan,nan,nan,nan,nan,nan,nan,nan,nan,nan
1758229628486538606,212,288,25.0,-0.19650731707317073,0.08733658536585366,1.119,nan,nan,nan,nan,nan,nan,nan,nan,nan,nan,nan,nan
1758229628515661591,212,288,25.0,-0.19650731707317073,0.08733658536585366,1.119,nan,nan,nan,nan,nan,nan,nan,nan,nan,nan,nan,nan
1758229628547951154,212,289,25.0,-0.19650731707317073,0.08915609756097562,1.119,nan,nan,nan,nan,nan,nan,nan,nan,nan,nan,nan,nan
1758229628581508165,212,288,25.0,-0.1961560975609756,0.08718048780487805,1.117,nan,nan,nan,nan,nan,nan,nan,nan,nan,nan,nan,nan
1758229628615081952,212,288,25.0,-0.19685853658536584,0.08749268292682927,1.121,nan,nan,nan,nan,nan,nan,nan,nan,nan,nan,nan,nan
1758229628648951236,212,289,25.0,-0.19720975609756097,0.08947479674796747,1.123,nan,nan,nan,nan,nan,nan,nan,nan,nan,nan,nan,nan
1758229628682380456,212,289,25.0,-0.1963317073170732,0.08907642276422764,1.118,nan,nan,nan,nan,nan,nan,nan,nan,nan,nan,nan,nan
1758229628715611651,212,289,25.0,-0.19685853658536584,0.08931544715447155,1.121,nan,nan,nan,nan,nan,nan,nan,nan,nan,nan,nan,nan
1758229628749033311,212,289,25.0,-0.19720975609756097,0.08947479674796747,1.123,nan,nan,nan,nan,nan,nan,nan,nan,nan,nan,nan,nan
1758229628782431027,212,288,25.0,-0.19720975609756097,0.08764878048780488,1.123,nan,nan,nan,nan,nan,nan,nan,nan,nan,nan,nan,nan
1758229628815913546,212,288,25.0,-0.19685853658536584,0.08749268292682927,1.121,nan,nan,nan,nan,nan,nan,nan,nan,nan,nan,nan,nan
1758229628849071104,212,288,25.0,-0.19685853658536584,0.08749268292682927,1.121,nan,nan,nan,nan,nan,nan,nan,nan,nan,nan,nan,nan
1758229628887010376,211,287,25.0,-0.19885853658536587,0.08574634146341464,1.122,nan,nan,nan,nan,nan,nan,nan,nan,nan,nan,nan,nan
1758229628916219962,211,288,25.0,-0.1986813008130081,0.08749268292682927,1.121,nan,nan,nan,nan,nan,nan,nan,nan,nan,nan,nan,nan
1758229628948558284,212,289,25.0,-0.19685853658536584,0.08931544715447155,1.121,nan,nan,nan,nan,nan,nan,nan,nan,nan,nan,nan,nan
1758229628981918539,212,288,25.0,-0.1961560975609756,0.08718048780487805,1.117,nan,nan,nan,nan,nan,nan,nan,nan,nan,nan,nan,nan
1758229629015641977,212,289,25.0,-0.19703414634146343,0.08939512195121953,1.122,nan,nan,nan,nan,nan,nan,nan,nan,nan,nan,nan,nan
1758229629049485250,212,289,25.0,-0.19650731707317073,0.08915609756097562,1.119,nan,nan,nan,nan,nan,nan,nan,nan,nan,nan,nan,nan
1758229629082733185,212,288,25.0,-0.19650731707317073,0.08733658536585366,1.119,nan,nan,nan,nan,nan,nan,nan,nan,nan,nan,nan,nan
1758229629116086329,212,288,25.0,-0.19685853658536584,0.08749268292682927,1.121,nan,nan,nan,nan,nan,nan,nan,nan,nan,nan,nan,nan
1758229629149576886,212,288,25.0,-0.19650731707317073,0.08733658536585366,1.119,nan,nan,nan,nan,nan,nan,nan,nan,nan,nan,nan,nan
1758229629182986907,212,288,25.0,-0.19685853658536584,0.08749268292682927,1.121,nan,nan,nan,nan,nan,nan,nan,nan,nan,nan,nan,nan
1758229629216005759,212,288,25.0,-0.19650731707317073,0.08733658536585366,1.119,nan,nan,nan,nan,nan,nan,nan,nan,nan,nan,nan,nan
1758229629249616336,212,288,25.0,-0.19685853658536584,0.08749268292682927,1.121,nan,nan,nan,nan,nan,nan,nan,nan,nan,nan,nan,nan
1758229629282953026,212,289,25.0,-0.19650731707317073,0.08915609756097562,1.119,nan,nan,nan,nan,nan,nan,nan,nan,nan,nan,nan,nan
1758229629316270550,212,288,25.0,-0.19685853658536584,0.08749268292682927,1.121,nan,nan,nan,nan,nan,nan,nan,nan,nan,nan,nan,nan
1758229629349571796,212,289,25.0,-0.19650731707317073,0.08915609756097562,1.119,nan,nan,nan,nan,nan,nan,nan,nan,nan,nan,nan,nan
1758229629383122860,212,288,25.0,-0.19685853658536584,0.08749268292682927,1.121,nan,nan,nan,nan,nan,nan,nan,nan,nan,nan,nan,nan
1758229629416355803,212,288,25.0,-0.19738536585365854,0.08772682926829269,1.124,nan,nan,nan,nan,nan,nan,nan,nan,nan,nan,nan,nan
1758229629449797650,212,289,25.0,-0.1961560975609756,0.08899674796747967,1.117,nan,nan,nan,nan,nan,nan,nan,nan,nan,nan,nan,nan
1758229629483192166,212,288,25.0,-0.19685853658536584,0.08749268292682927,1.121,nan,nan,nan,nan,nan,nan,nan,nan,nan,nan,nan,nan
1758229629516580627,212,288,25.0,-0.19685853658536584,0.08749268292682927,1.121,nan,nan,nan,nan,nan,nan,nan,nan,nan,nan,nan,nan
1758229629549910593,212,288,25.0,-0.19650731707317073,0.08733658536585366,1.119,nan,nan,nan,nan,nan,nan,nan,nan,nan,nan,nan,nan
1758229629587703971,212,288,25.0,-0.1963317073170732,0.08725853658536585,1.118,nan,nan,nan,nan,nan,nan,nan,nan,nan,nan,nan,nan
1758229629617069928,212,288,25.0,-0.19685853658536584,0.08749268292682927,1.121,nan,nan,nan,nan,nan,nan,nan,nan,nan,nan,nan,nan
1758229629649172831,212,288,25.0,-0.19650731707317073,0.08733658536585366,1.119,nan,nan,nan,nan,nan,nan,nan,nan,nan,nan,nan,nan
1758229629682822871,212,288,25.0,-0.19685853658536584,0.08749268292682927,1.121,nan,nan,nan,nan,nan,nan,nan,nan,nan,nan,nan,nan
1758229629716343578,212,288,25.0,-0.19685853658536584,0.08749268292682927,1.121,nan,nan,nan,nan,nan,nan,nan,nan,nan,nan,nan,nan
1758229629749909636,211,288,25.0,-0.19814959349593497,0.08725853658536585,1.118,nan,nan,nan,nan,nan,nan,nan,nan,nan,nan,nan,nan
1758229629783167798,212,288,25.0,-0.19598048780487806,0.08710243902439026,1.116,nan,nan,nan,nan,nan,nan,nan,nan,nan,nan,nan,nan
1758229629816534600,212,289,25.0,-0.19685853658536584,0.08931544715447155,1.121,nan,nan,nan,nan,nan,nan,nan,nan,nan,nan,nan,nan
1758229629850501751,212,288,25.0,-0.19650731707317073,0.08733658536585366,1.119,nan,nan,nan,nan,nan,nan,nan,nan,nan,nan,nan,nan
1758229629882931507,212,288,25.0,-0.19650731707317073,0.08733658536585366,1.119,nan,nan,nan,nan,nan,nan,nan,nan,nan,nan,nan,nan
1758229629916567300,212,289,25.0,-0.1961560975609756,0.08899674796747967,1.117,nan,nan,nan,nan,nan,nan,nan,nan,nan,nan,nan,nan
1758229629950404800,212,289,25.0,-0.19685853658536584,0.08931544715447155,1.121,nan,nan,nan,nan,nan,nan,nan,nan,nan,nan,nan,nan
1758229629983701718,211,288,25.0,-0.19814959349593497,0.08725853658536585,1.118,nan,nan,nan,nan,nan,nan,nan,nan,nan,nan,nan,nan
1758229630017070688,212,288,25.0,-0.19650731707317073,0.08733658536585366,1.119,nan,nan,nan,nan,nan,nan,nan,nan,nan,nan,nan,nan
1758229630050448973,212,288,25.0,-0.1961560975609756,0.08718048780487805,1.117,nan,nan,nan,nan,nan,nan,nan,nan,nan,nan,nan,nan
1758229630085876012,212,288,25.0,-0.19738536585365854,0.08772682926829269,1.124,nan,nan,nan,nan,nan,nan,nan,nan,nan,nan,nan,nan
1758229630117289127,212,288,25.0,-0.19720975609756097,0.08764878048780488,1.123,nan,nan,nan,nan,nan,nan,nan,nan,nan,nan,nan,nan
1758229630150539832,212,288,25.0,-0.19685853658536584,0.08749268292682927,1.121,nan,nan,nan,nan,nan,nan,nan,nan,nan,nan,nan,nan
1758229630183945441,212,289,25.0,-0.19650731707317073,0.08915609756097562,1.119,nan,nan,nan,nan,nan,nan,nan,nan,nan,nan,nan,nan
1758229630217349194,212,289,25.0,-0.19720975609756097,0.08947479674796747,1.123,nan,nan,nan,nan,nan,nan,nan,nan,nan,nan,nan,nan
1758229630250713182,212,288,25.0,-0.19720975609756097,0.08764878048780488,1.123,nan,nan,nan,nan,nan,nan,nan,nan,nan,nan,nan,nan
1758229630283991744,212,288,25.0,-0.19703414634146343,0.08757073170731709,1.122,nan,nan,nan,nan,nan,nan,nan,nan,nan,nan,nan,nan
1758229630317901778,212,289,25.0,-0.19650731707317073,0.08915609756097562,1.119,nan,nan,nan,nan,nan,nan,nan,nan,nan,nan,nan,nan
1758229630352835071,212,289,25.0,-0.19720975609756097,0.08947479674796747,1.123,nan,nan,nan,nan,nan,nan,nan,nan,nan,nan,nan,nan
1758229630386120557,212,288,25.0,-0.19598048780487806,0.08710243902439026,1.116,nan,nan,nan,nan,nan,nan,nan,nan,nan,nan,nan,nan
1758229630417977969,212,288,25.0,-0.19703414634146343,0.08757073170731709,1.122,nan,nan,nan,nan,nan,nan,nan,nan,nan,nan,nan,nan
1758229630451356574,211,287,25.0,-0.1986813008130081,0.08566991869918698,1.121,nan,nan,nan,nan,nan,nan,nan,nan,nan,nan,nan,nan
1758229630485112985,212,289,25.0,-0.19650731707317073,0.08915609756097562,1.119,nan,nan,nan,nan,nan,nan,nan,nan,nan,nan,nan,nan
1758229630518444879,212,288,25.0,-0.19685853658536584,0.08749268292682927,1.121,nan,nan,nan,nan,nan,nan,nan,nan,nan,nan,nan,nan
1758229630551895969,212,288,25.0,-0.19650731707317073,0.08733658536585366,1.119,nan,nan,nan,nan,nan,nan,nan,nan,nan,nan,nan,nan
1758229630585273088,212,288,25.0,-0.19720975609756097,0.08764878048780488,1.123,nan,nan,nan,nan,nan,nan,nan,nan,nan,nan,nan,nan
1758229630618568490,212,288,25.0,-0.1963317073170732,0.08725853658536585,1.118,nan,nan,nan,nan,nan,nan,nan,nan,nan,nan,nan,nan
1758229630651989799,212,288,25.0,-0.1961560975609756,0.08718048780487805,1.117,nan,nan,nan,nan,nan,nan,nan,nan,nan,nan,nan,nan
1758229630685299667,212,288,25.0,-0.19650731707317073,0.08733658536585366,1.119,nan,nan,nan,nan,nan,nan,nan,nan,nan,nan,nan,nan
1758229630718718038,211,288,25.0,-0.19885853658536587,0.08757073170731709,1.122,nan,nan,nan,nan,nan,nan,nan,nan,nan,nan,nan,nan
1758229630752085831,212,288,25.0,-0.19650731707317073,0.08733658536585366,1.119,nan,nan,nan,nan,nan,nan,nan,nan,nan,nan,nan,nan
1758229630785579866,212,288,25.0,-0.19738536585365854,0.08772682926829269,1.124,nan,nan,nan,nan,nan,nan,nan,nan,nan,nan,nan,nan
1758229630818821374,212,288,25.0,-0.1961560975609756,0.08718048780487805,1.117,nan,nan,nan,nan,nan,nan,nan,nan,nan,nan,nan,nan
1758229630852431445,212,288,25.0,-0.19720975609756097,0.08764878048780488,1.123,nan,nan,nan,nan,nan,nan,nan,nan,nan,nan,nan,nan
1758229630884279369,212,289,25.0,-0.19720975609756097,0.08947479674796747,1.123,nan,nan,nan,nan,nan,nan,nan,nan,nan,nan,nan,nan
1758229630918372877,211,288,25.0,-0.1992130081300813,0.08772682926829269,1.124,nan,nan,nan,nan,nan,nan,nan,nan,nan,nan,nan,nan
1758229630952988680,212,289,25.0,-0.19650731707317073,0.08915609756097562,1.119,nan,nan,nan,nan,nan,nan,nan,nan,nan,nan,nan,nan
1758229630986815934,212,288,25.0,-0.19650731707317073,0.08733658536585366,1.119,nan,nan,nan,nan,nan,nan,nan,nan,nan,nan,nan,nan
1758229631019231114,212,288,25.0,-0.19650731707317073,0.08733658536585366,1.119,nan,nan,nan,nan,nan,nan,nan,nan,nan,nan,nan,nan
1758229631052887758,212,289,25.0,-0.1961560975609756,0.08899674796747967,1.117,nan,nan,nan,nan,nan,nan,nan,nan,nan,nan,nan,nan
1758229631085943449,212,289,25.0,-0.19685853658536584,0.08931544715447155,1.121,nan,nan,nan,nan,nan,nan,nan,nan,nan,nan,nan,nan
1758229631119434342,212,288,25.0,-0.19720975609756097,0.08764878048780488,1.123,nan,nan,nan,nan,nan,nan,nan,nan,nan,nan,nan,nan
1758229631152827589,211,288,25.0,-0.19832682926829268,0.08733658536585366,1.119,nan,nan,nan,nan,nan,nan,nan,nan,nan,nan,nan,nan
1758229631185718303,212,288,25.0,-0.19598048780487806,0.08710243902439026,1.116,nan,nan,nan,nan,nan,nan,nan,nan,nan,nan,nan,nan
1758229631218814901,212,289,25.0,-0.19685853658536584,0.08931544715447155,1.121,nan,nan,nan,nan,nan,nan,nan,nan,nan,nan,nan,nan
1758229631252297914,212,288,25.0,-0.19720975609756097,0.08764878048780488,1.123,nan,nan,nan,nan,nan,nan,nan,nan,nan,nan,nan,nan
1758229631285727994,212,288,25.0,-0.19685853658536584,0.08749268292682927,1.121,nan,nan,nan,nan,nan,nan,nan,nan,nan,nan,nan,nan
1758229631319046290,212,289,25.0,-0.19650731707317073,0.08915609756097562,1.119,nan,nan,nan,nan,nan,nan,nan,nan,nan,nan,nan,nan
1758229631352506815,212,288,25.0,-0.1963317073170732,0.08725853658536585,1.118,nan,nan,nan,nan,nan,nan,nan,nan,nan,nan,nan,nan
1758229631385891060,212,288,25.0,-0.19720975609756097,0.08764878048780488,1.123,nan,nan,nan,nan,nan,nan,nan,nan,nan,nan,nan,nan
1758229631419118766,212,289,25.0,-0.1961560975609756,0.08899674796747967,1.117,nan,nan,nan,nan,nan,nan,nan,nan,nan,nan,nan,nan
1758229631452282247,212,289,25.0,-0.1961560975609756,0.08899674796747967,1.117,nan,nan,nan,nan,nan,nan,nan,nan,nan,nan,nan,nan
1758229631486628604,212,289,25.0,-0.1961560975609756,0.08899674796747967,1.117,nan,nan,nan,nan,nan,nan,nan,nan,nan,nan,nan,nan
1758229631518979743,212,288,25.0,-0.19650731707317073,0.08733658536585366,1.119,nan,nan,nan,nan,nan,nan,nan,nan,nan,nan,nan,nan
1758229631553158337,212,288,25.0,-0.1961560975609756,0.08718048780487805,1.117,nan,nan,nan,nan,nan,nan,nan,nan,nan,nan,nan,nan
1758229631586738725,212,288,25.0,-0.19650731707317073,0.08733658536585366,1.119,nan,nan,nan,nan,nan,nan,nan,nan,nan,nan,nan,nan
1758229631620060107,211,287,25.0,-0.19832682926829268,0.0855170731707317,1.119,nan,nan,nan,nan,nan,nan,nan,nan,nan,nan,nan,nan
1758229631653584958,212,288,25.0,-0.1963317073170732,0.08725853658536585,1.118,nan,nan,nan,nan,nan,nan,nan,nan,nan,nan,nan,nan
1758229631686292987,212,288,25.0,-0.19650731707317073,0.08733658536585366,1.119,nan,nan,nan,nan,nan,nan,nan,nan,nan,nan,nan,nan
1758229631719456963,212,288,25.0,-0.19650731707317073,0.08733658536585366,1.119,nan,nan,nan,nan,nan,nan,nan,nan,nan,nan,nan,nan
1758229631752917070,212,288,25.0,-0.19650731707317073,0.08733658536585366,1.119,nan,nan,nan,nan,nan,nan,nan,nan,nan,nan,nan,nan
1758229631786431360,212,288,25.0,-0.19685853658536584,0.08749268292682927,1.121,nan,nan,nan,nan,nan,nan,nan,nan,nan,nan,nan,nan
1758229631819626947,212,288,25.0,-0.19650731707317073,0.08733658536585366,1.119,nan,nan,nan,nan,nan,nan,nan,nan,nan,nan,nan,nan
1758229631853179468,212,288,25.0,-0.19650731707317073,0.08733658536585366,1.119,nan,nan,nan,nan,nan,nan,nan,nan,nan,nan,nan,nan
1758229631897308353,212,288,25.0,-0.1961560975609756,0.08718048780487805,1.117,nan,nan,nan,nan,nan,nan,nan,nan,nan,nan,nan,nan
1758229631923128331,212,288,25.0,-0.19650731707317073,0.08733658536585366,1.119,nan,nan,nan,nan,nan,nan,nan,nan,nan,nan,nan,nan
1758229631952288679,212,288,25.0,-0.19685853658536584,0.08749268292682927,1.121,nan,nan,nan,nan,nan,nan,nan,nan,nan,nan,nan,nan
1758229631985901619,212,288,25.0,-0.19650731707317073,0.08733658536585366,1.119,nan,nan,nan,nan,nan,nan,nan,nan,nan,nan,nan,nan
1758229632020012196,211,287,25.0,-0.19903577235772357,0.08582276422764228,1.123,nan,nan,nan,nan,nan,nan,nan,nan,nan,nan,nan,nan
1758229632054248762,212,288,25.0,-0.19685853658536584,0.08749268292682927,1.121,nan,nan,nan,nan,nan,nan,nan,nan,nan,nan,nan,nan
1758229632087761779,212,288,25.0,-0.19685853658536584,0.08749268292682927,1.121,nan,nan,nan,nan,nan,nan,nan,nan,nan,nan,nan,nan
1758229632121142319,212,289,25.0,-0.19598048780487806,0.08891707317073172,1.116,nan,nan,nan,nan,nan,nan,nan,nan,nan,nan,nan,nan
1758229632153211238,212,289,25.0,-0.19650731707317073,0.08915609756097562,1.119,nan,nan,nan,nan,nan,nan,nan,nan,nan,nan,nan,nan
1758229632186617123,212,288,25.0,-0.19738536585365854,0.08772682926829269,1.124,nan,nan,nan,nan,nan,nan,nan,nan,nan,nan,nan,nan
1758229632219910583,212,289,25.0,-0.19685853658536584,0.08931544715447155,1.121,nan,nan,nan,nan,nan,nan,nan,nan,nan,nan,nan,nan
1758229632253642114,212,288,25.0,-0.19703414634146343,0.08757073170731709,1.122,nan,nan,nan,nan,nan,nan,nan,nan,nan,nan,nan,nan
1758229632287110473,212,288,25.0,-0.19685853658536584,0.08749268292682927,1.121,nan,nan,nan,nan,nan,nan,nan,nan,nan,nan,nan,nan
1758229632320541132,211,287,25.0,-0.1986813008130081,0.08566991869918698,1.121,nan,nan,nan,nan,nan,nan,nan,nan,nan,nan,nan,nan
1758229632355202719,211,287,25.0,-0.1986813008130081,0.08566991869918698,1.121,nan,nan,nan,nan,nan,nan,nan,nan,nan,nan,nan,nan
1758229632388614238,212,288,25.0,-0.19720975609756097,0.08764878048780488,1.123,nan,nan,nan,nan,nan,nan,nan,nan,nan,nan,nan,nan
1758229632420439715,212,288,25.0,-0.1963317073170732,0.08725853658536585,1.118,nan,nan,nan,nan,nan,nan,nan,nan,nan,nan,nan,nan
1758229632453335518,212,288,25.0,-0.19685853658536584,0.08749268292682927,1.121,nan,nan,nan,nan,nan,nan,nan,nan,nan,nan,nan,nan
1758229632486752873,212,288,25.0,-0.19685853658536584,0.08749268292682927,1.121,nan,nan,nan,nan,nan,nan,nan,nan,nan,nan,nan,nan
1758229632520295967,212,288,25.0,-0.19650731707317073,0.08733658536585366,1.119,nan,nan,nan,nan,nan,nan,nan,nan,nan,nan,nan,nan
1758229632554053003,212,289,25.0,-0.19685853658536584,0.08931544715447155,1.121,nan,nan,nan,nan,nan,nan,nan,nan,nan,nan,nan,nan
1758229632587477944,212,288,25.0,-0.19685853658536584,0.08749268292682927,1.121,nan,nan,nan,nan,nan,nan,nan,nan,nan,nan,nan,nan
1758229632620896702,212,288,25.0,-0.19650731707317073,0.08733658536585366,1.119,nan,nan,nan,nan,nan,nan,nan,nan,nan,nan,nan,nan
1758229632654264893,212,288,25.0,-0.19703414634146343,0.08757073170731709,1.122,nan,nan,nan,nan,nan,nan,nan,nan,nan,nan,nan,nan
1758229632687788101,212,288,25.0,-0.1963317073170732,0.08725853658536585,1.118,nan,nan,nan,nan,nan,nan,nan,nan,nan,nan,nan,nan
1758229632721065093,212,289,25.0,-0.19720975609756097,0.08947479674796747,1.123,nan,nan,nan,nan,nan,nan,nan,nan,nan,nan,nan,nan
1758229632754420204,211,287,25.0,-0.1986813008130081,0.08566991869918698,1.121,nan,nan,nan,nan,nan,nan,nan,nan,nan,nan,nan,nan
1758229632787816177,211,287,25.0,-0.19903577235772357,0.08582276422764228,1.123,nan,nan,nan,nan,nan,nan,nan,nan,nan,nan,nan,nan
1758229632821073678,212,288,25.0,-0.19685853658536584,0.08749268292682927,1.121,nan,nan,nan,nan,nan,nan,nan,nan,nan,nan,nan,nan
1758229632858464147,212,288,25.0,-0.19720975609756097,0.08764878048780488,1.123,nan,nan,nan,nan,nan,nan,nan,nan,nan,nan,nan,nan
1758229632886545128,211,287,25.0,-0.19814959349593497,0.08544065040650407,1.118,nan,nan,nan,nan,nan,nan,nan,nan,nan,nan,nan,nan
1758229632920074237,212,288,25.0,-0.19720975609756097,0.08764878048780488,1.123,nan,nan,nan,nan,nan,nan,nan,nan,nan,nan,nan,nan
1758229632954234534,212,288,25.0,-0.1963317073170732,0.08725853658536585,1.118,nan,nan,nan,nan,nan,nan,nan,nan,nan,nan,nan,nan
1758229632988379649,212,289,25.0,-0.19650731707317073,0.08915609756097562,1.119,nan,nan,nan,nan,nan,nan,nan,nan,nan,nan,nan,nan
1758229633019841291,212,288,25.0,-0.19685853658536584,0.08749268292682927,1.121,nan,nan,nan,nan,nan,nan,nan,nan,nan,nan,nan,nan
1758229633053632518,211,287,25.0,-0.19814959349593497,0.08544065040650407,1.118,nan,nan,nan,nan,nan,nan,nan,nan,nan,nan,nan,nan
1758229633087793146,212,288,25.0,-0.19685853658536584,0.08749268292682927,1.121,nan,nan,nan,nan,nan,nan,nan,nan,nan,nan,nan,nan
1758229633121553738,212,288,25.0,-0.19685853658536584,0.08749268292682927,1.121,nan,nan,nan,nan,nan,nan,nan,nan,nan,nan,nan,nan
1758229633154973218,212,288,25.0,-0.19650731707317073,0.08733658536585366,1.119,nan,nan,nan,nan,nan,nan,nan,nan,nan,nan,nan,nan
1758229633188335410,212,288,25.0,-0.19720975609756097,0.08764878048780488,1.123,nan,nan,nan,nan,nan,nan,nan,nan,nan,nan,nan,nan
1758229633221581232,212,288,25.0,-0.19650731707317073,0.08733658536585366,1.119,nan,nan,nan,nan,nan,nan,nan,nan,nan,nan,nan,nan
1758229633255073486,211,288,25.0,-0.1986813008130081,0.08749268292682927,1.121,nan,nan,nan,nan,nan,nan,nan,nan,nan,nan,nan,nan
1758229633288976182,212,288,25.0,-0.19685853658536584,0.08749268292682927,1.121,nan,nan,nan,nan,nan,nan,nan,nan,nan,nan,nan,nan
1758229633321593739,212,288,25.0,-0.19720975609756097,0.08764878048780488,1.123,nan,nan,nan,nan,nan,nan,nan,nan,nan,nan,nan,nan
1758229633353487569,212,289,25.0,-0.19650731707317073,0.08915609756097562,1.119,nan,nan,nan,nan,nan,nan,nan,nan,nan,nan,nan,nan
1758229633386874442,212,288,25.0,-0.19650731707317073,0.08733658536585366,1.119,nan,nan,nan,nan,nan,nan,nan,nan,nan,nan,nan,nan
1758229633420383432,212,289,25.0,-0.1961560975609756,0.08899674796747967,1.117,nan,nan,nan,nan,nan,nan,nan,nan,nan,nan,nan,nan
1758229633453738700,212,289,25.0,-0.1963317073170732,0.08907642276422764,1.118,nan,nan,nan,nan,nan,nan,nan,nan,nan,nan,nan,nan
1758229633487769483,212,288,25.0,-0.19685853658536584,0.08749268292682927,1.121,nan,nan,nan,nan,nan,nan,nan,nan,nan,nan,nan,nan
1758229633522103121,211,287,25.0,-0.19814959349593497,0.08544065040650407,1.118,nan,nan,nan,nan,nan,nan,nan,nan,nan,nan,nan,nan
1758229633555928675,212,288,25.0,-0.19685853658536584,0.08749268292682927,1.121,nan,nan,nan,nan,nan,nan,nan,nan,nan,nan,nan,nan
1758229633589278131,212,288,25.0,-0.19685853658536584,0.08749268292682927,1.121,nan,nan,nan,nan,nan,nan,nan,nan,nan,nan,nan,nan
1758229633621907442,211,288,25.0,-0.1986813008130081,0.08749268292682927,1.121,nan,nan,nan,nan,nan,nan,nan,nan,nan,nan,nan,nan
1758229633653949849,212,288,25.0,-0.19650731707317073,0.08733658536585366,1.119,nan,nan,nan,nan,nan,nan,nan,nan,nan,nan,nan,nan
1758229633687491557,212,288,25.0,-0.19650731707317073,0.08733658536585366,1.119,nan,nan,nan,nan,nan,nan,nan,nan,nan,nan,nan,nan
1758229633721350446,212,288,25.0,-0.19685853658536584,0.08749268292682927,1.121,nan,nan,nan,nan,nan,nan,nan,nan,nan,nan,nan,nan
1758229633755670200,212,288,25.0,-0.1961560975609756,0.08718048780487805,1.117,nan,nan,nan,nan,nan,nan,nan,nan,nan,nan,nan,nan
1758229633788412589,212,288,25.0,-0.1961560975609756,0.08718048780487805,1.117,nan,nan,nan,nan,nan,nan,nan,nan,nan,nan,nan,nan
1758229633822189808,212,289,25.0,-0.19650731707317073,0.08915609756097562,1.119,nan,nan,nan,nan,nan,nan,nan,nan,nan,nan,nan,nan
1758229633855506665,212,289,25.0,-0.19720975609756097,0.08947479674796747,1.123,nan,nan,nan,nan,nan,nan,nan,nan,nan,nan,nan,nan
1758229633889089641,212,288,25.0,-0.19703414634146343,0.08757073170731709,1.122,nan,nan,nan,nan,nan,nan,nan,nan,nan,nan,nan,nan
1758229633922523666,212,289,25.0,-0.1961560975609756,0.08899674796747967,1.117,nan,nan,nan,nan,nan,nan,nan,nan,nan,nan,nan,nan
1758229633955884430,212,288,25.0,-0.19685853658536584,0.08749268292682927,1.121,nan,nan,nan,nan,nan,nan,nan,nan,nan,nan,nan,nan
1758229633989277123,212,288,25.0,-0.19720975609756097,0.08764878048780488,1.123,nan,nan,nan,nan,nan,nan,nan,nan,nan,nan,nan,nan
1758229634022862954,212,288,25.0,-0.19703414634146343,0.08757073170731709,1.122,nan,nan,nan,nan,nan,nan,nan,nan,nan,nan,nan,nan
1758229634055797204,212,289,25.0,-0.19650731707317073,0.08915609756097562,1.119,nan,nan,nan,nan,nan,nan,nan,nan,nan,nan,nan,nan
1758229634089410732,212,288,25.0,-0.19650731707317073,0.08733658536585366,1.119,nan,nan,nan,nan,nan,nan,nan,nan,nan,nan,nan,nan
1758229634122714137,212,288,25.0,-0.19703414634146343,0.08757073170731709,1.122,nan,nan,nan,nan,nan,nan,nan,nan,nan,nan,nan,nan
1758229634156165512,211,287,25.0,-0.1986813008130081,0.08566991869918698,1.121,nan,nan,nan,nan,nan,nan,nan,nan,nan,nan,nan,nan
1758229634189501932,212,288,25.0,-0.19685853658536584,0.08749268292682927,1.121,nan,nan,nan,nan,nan,nan,nan,nan,nan,nan,nan,nan
1758229634222954716,212,288,25.0,-0.19703414634146343,0.08757073170731709,1.122,nan,nan,nan,nan,nan,nan,nan,nan,nan,nan,nan,nan
1758229634256238711,212,288,25.0,-0.19685853658536584,0.08749268292682927,1.121,nan,nan,nan,nan,nan,nan,nan,nan,nan,nan,nan,nan
1758229634289635728,212,288,25.0,-0.19650731707317073,0.08733658536585366,1.119,nan,nan,nan,nan,nan,nan,nan,nan,nan,nan,nan,nan
1758229634322961434,212,289,25.0,-0.19650731707317073,0.08915609756097562,1.119,nan,nan,nan,nan,nan,nan,nan,nan,nan,nan,nan,nan
1758229634356576257,212,289,25.0,-0.1961560975609756,0.08899674796747967,1.117,nan,nan,nan,nan,nan,nan,nan,nan,nan,nan,nan,nan
1758229634393715157,212,288,25.0,-0.1963317073170732,0.08725853658536585,1.118,nan,nan,nan,nan,nan,nan,nan,nan,nan,nan,nan,nan
1758229634422649968,212,289,25.0,-0.19650731707317073,0.08915609756097562,1.119,nan,nan,nan,nan,nan,nan,nan,nan,nan,nan,nan,nan
1758229634454870142,211,287,25.0,-0.19885853658536587,0.08574634146341464,1.122,nan,nan,nan,nan,nan,nan,nan,nan,nan,nan,nan,nan
1758229634488935108,212,288,25.0,-0.19685853658536584,0.08749268292682927,1.121,nan,nan,nan,nan,nan,nan,nan,nan,nan,nan,nan,nan
1758229634522755829,211,287,25.0,-0.19814959349593497,0.08544065040650407,1.118,nan,nan,nan,nan,nan,nan,nan,nan,nan,nan,nan,nan
1758229634556241596,211,287,25.0,-0.19939024390243903,0.08597560975609755,1.125,nan,nan,nan,nan,nan,nan,nan,nan,nan,nan,nan,nan
1758229634589683341,212,288,25.0,-0.19650731707317073,0.08733658536585366,1.119,nan,nan,nan,nan,nan,nan,nan,nan,nan,nan,nan,nan
1758229634623032142,212,288,25.0,-0.19703414634146343,0.08757073170731709,1.122,nan,nan,nan,nan,nan,nan,nan,nan,nan,nan,nan,nan
1758229634660449440,212,288,25.0,-0.19703414634146343,0.08757073170731709,1.122,nan,nan,nan,nan,nan,nan,nan,nan,nan,nan,nan,nan
1758229634689875324,212,288,25.0,-0.1963317073170732,0.08725853658536585,1.118,nan,nan,nan,nan,nan,nan,nan,nan,nan,nan,nan,nan
1758229634722247095,212,289,25.0,-0.19650731707317073,0.08915609756097562,1.119,nan,nan,nan,nan,nan,nan,nan,nan,nan,nan,nan,nan
1758229634755862539,212,288,25.0,-0.1961560975609756,0.08718048780487805,1.117,nan,nan,nan,nan,nan,nan,nan,nan,nan,nan,nan,nan
1758229634789686509,212,288,25.0,-0.1963317073170732,0.08725853658536585,1.118,nan,nan,nan,nan,nan,nan,nan,nan,nan,nan,nan,nan
1758229634823622554,212,288,25.0,-0.1961560975609756,0.08718048780487805,1.117,nan,nan,nan,nan,nan,nan,nan,nan,nan,nan,nan,nan
1758229634857280146,212,288,25.0,-0.19650731707317073,0.08733658536585366,1.119,nan,nan,nan,nan,nan,nan,nan,nan,nan,nan,nan,nan
1758229634888786942,212,288,25.0,-0.19720975609756097,0.08764878048780488,1.123,nan,nan,nan,nan,nan,nan,nan,nan,nan,nan,nan,nan
1758229634922817215,212,289,25.0,-0.19720975609756097,0.08947479674796747,1.123,nan,nan,nan,nan,nan,nan,nan,nan,nan,nan,nan,nan
1758229634956629182,212,288,25.0,-0.19720975609756097,0.08764878048780488,1.123,nan,nan,nan,nan,nan,nan,nan,nan,nan,nan,nan,nan
1758229634990558349,212,288,25.0,-0.19650731707317073,0.08733658536585366,1.119,nan,nan,nan,nan,nan,nan,nan,nan,nan,nan,nan,nan
1758229635023957954,212,289,25.0,-0.19703414634146343,0.08939512195121953,1.122,nan,nan,nan,nan,nan,nan,nan,nan,nan,nan,nan,nan
1758229635057382256,212,288,25.0,-0.19650731707317073,0.08733658536585366,1.119,nan,nan,nan,nan,nan,nan,nan,nan,nan,nan,nan,nan
1758229635090495580,212,288,25.0,-0.19685853658536584,0.08749268292682927,1.121,nan,nan,nan,nan,nan,nan,nan,nan,nan,nan,nan,nan
1758229635124114316,212,289,25.0,-0.19720975609756097,0.08947479674796747,1.123,nan,nan,nan,nan,nan,nan,nan,nan,nan,nan,nan,nan
1758229635157187261,212,289,25.0,-0.19650731707317073,0.08915609756097562,1.119,nan,nan,nan,nan,nan,nan,nan,nan,nan,nan,nan,nan
1758229635190695777,212,288,25.0,-0.19650731707317073,0.08733658536585366,1.119,nan,nan,nan,nan,nan,nan,nan,nan,nan,nan,nan,nan
1758229635224223161,212,289,25.0,-0.19650731707317073,0.08915609756097562,1.119,nan,nan,nan,nan,nan,nan,nan,nan,nan,nan,nan,nan
1758229635257423512,212,289,25.0,-0.1961560975609756,0.08899674796747967,1.117,nan,nan,nan,nan,nan,nan,nan,nan,nan,nan,nan,nan
1758229635294668954,212,288,25.0,-0.19720975609756097,0.08764878048780488,1.123,nan,nan,nan,nan,nan,nan,nan,nan,nan,nan,nan,nan
1758229635324963039,212,289,25.0,-0.19720975609756097,0.08947479674796747,1.123,nan,nan,nan,nan,nan,nan,nan,nan,nan,nan,nan,nan
1758229635356278806,212,289,25.0,-0.19650731707317073,0.08915609756097562,1.119,nan,nan,nan,nan,nan,nan,nan,nan,nan,nan,nan,nan
1758229635389770297,212,288,25.0,-0.1963317073170732,0.08725853658536585,1.118,nan,nan,nan,nan,nan,nan,nan,nan,nan,nan,nan,nan
1758229635423316280,212,288,25.0,-0.19720975609756097,0.08764878048780488,1.123,nan,nan,nan,nan,nan,nan,nan,nan,nan,nan,nan,nan
1758229635456973293,211,288,25.0,-0.19903577235772357,0.08764878048780488,1.123,nan,nan,nan,nan,nan,nan,nan,nan,nan,nan,nan,nan
1758229635490308876,212,288,25.0,-0.19685853658536584,0.08749268292682927,1.121,nan,nan,nan,nan,nan,nan,nan,nan,nan,nan,nan,nan
1758229635523976179,212,289,25.0,-0.19650731707317073,0.08915609756097562,1.119,nan,nan,nan,nan,nan,nan,nan,nan,nan,nan,nan,nan
1758229635557384241,212,289,25.0,-0.19650731707317073,0.08915609756097562,1.119,nan,nan,nan,nan,nan,nan,nan,nan,nan,nan,nan,nan
1758229635590644572,211,287,25.0,-0.1986813008130081,0.08566991869918698,1.121,nan,nan,nan,nan,nan,nan,nan,nan,nan,nan,nan,nan
1758229635624163338,212,288,25.0,-0.19685853658536584,0.08749268292682927,1.121,nan,nan,nan,nan,nan,nan,nan,nan,nan,nan,nan,nan
1758229635657425419,212,289,25.0,-0.19650731707317073,0.08915609756097562,1.119,nan,nan,nan,nan,nan,nan,nan,nan,nan,nan,nan,nan
1758229635690793507,212,288,25.0,-0.1961560975609756,0.08718048780487805,1.117,nan,nan,nan,nan,nan,nan,nan,nan,nan,nan,nan,nan
1758229635724224551,212,288,25.0,-0.19650731707317073,0.08733658536585366,1.119,nan,nan,nan,nan,nan,nan,nan,nan,nan,nan,nan,nan
1758229635757591259,212,288,25.0,-0.19720975609756097,0.08764878048780488,1.123,nan,nan,nan,nan,nan,nan,nan,nan,nan,nan,nan,nan
1758229635790839389,212,288,25.0,-0.19703414634146343,0.08757073170731709,1.122,nan,nan,nan,nan,nan,nan,nan,nan,nan,nan,nan,nan
1758229635824350370,212,288,25.0,-0.19685853658536584,0.08749268292682927,1.121,nan,nan,nan,nan,nan,nan,nan,nan,nan,nan,nan,nan
1758229635857653469,212,288,25.0,-0.1961560975609756,0.08718048780487805,1.117,nan,nan,nan,nan,nan,nan,nan,nan,nan,nan,nan,nan
1758229635890127185,212,289,25.0,-0.19685853658536584,0.08931544715447155,1.121,nan,nan,nan,nan,nan,nan,nan,nan,nan,nan,nan,nan
1758229635923803069,212,289,25.0,-0.19650731707317073,0.08915609756097562,1.119,nan,nan,nan,nan,nan,nan,nan,nan,nan,nan,nan,nan
1758229635957453055,212,288,25.0,-0.1963317073170732,0.08725853658536585,1.118,nan,nan,nan,nan,nan,nan,nan,nan,nan,nan,nan,nan
1758229635991403185,212,288,25.0,-0.19703414634146343,0.08757073170731709,1.122,nan,nan,nan,nan,nan,nan,nan,nan,nan,nan,nan,nan
1758229636025583241,212,289,25.0,-0.19650731707317073,0.08915609756097562,1.119,nan,nan,nan,nan,nan,nan,nan,nan,nan,nan,nan,nan
1758229636059115492,212,288,25.0,-0.19685853658536584,0.08749268292682927,1.121,nan,nan,nan,nan,nan,nan,nan,nan,nan,nan,nan,nan
1758229636092305562,212,288,25.0,-0.19720975609756097,0.08764878048780488,1.123,nan,nan,nan,nan,nan,nan,nan,nan,nan,nan,nan,nan
1758229636125103720,212,289,25.0,-0.19685853658536584,0.08931544715447155,1.121,nan,nan,nan,nan,nan,nan,nan,nan,nan,nan,nan,nan
1758229636158400688,212,288,25.0,-0.19685853658536584,0.08749268292682927,1.121,nan,nan,nan,nan,nan,nan,nan,nan,nan,nan,nan,nan
1758229636195923048,212,288,25.0,-0.19650731707317073,0.08733658536585366,1.119,nan,nan,nan,nan,nan,nan,nan,nan,nan,nan,nan,nan
1758229636225060623,212,289,25.0,-0.1961560975609756,0.08899674796747967,1.117,nan,nan,nan,nan,nan,nan,nan,nan,nan,nan,nan,nan
1758229636257467520,212,288,25.0,-0.1961560975609756,0.08718048780487805,1.117,nan,nan,nan,nan,nan,nan,nan,nan,nan,nan,nan,nan
1758229636291012689,212,288,25.0,-0.19685853658536584,0.08749268292682927,1.121,nan,nan,nan,nan,nan,nan,nan,nan,nan,nan,nan,nan
1758229636324871611,212,289,25.0,-0.19685853658536584,0.08931544715447155,1.121,nan,nan,nan,nan,nan,nan,nan,nan,nan,nan,nan,nan
1758229636359073269,211,287,25.0,-0.19832682926829268,0.0855170731707317,1.119,nan,nan,nan,nan,nan,nan,nan,nan,nan,nan,nan,nan
1758229636392398123,211,287,25.0,-0.19885853658536587,0.08574634146341464,1.122,nan,nan,nan,nan,nan,nan,nan,nan,nan,nan,nan,nan
1758229636425887515,212,288,25.0,-0.19720975609756097,0.08764878048780488,1.123,nan,nan,nan,nan,nan,nan,nan,nan,nan,nan,nan,nan
1758229636459392756,212,288,25.0,-0.19650731707317073,0.08733658536585366,1.119,nan,nan,nan,nan,nan,nan,nan,nan,nan,nan,nan,nan
1758229636492674832,212,288,25.0,-0.19650731707317073,0.08733658536585366,1.119,nan,nan,nan,nan,nan,nan,nan,nan,nan,nan,nan,nan
1758229636525333072,212,288,25.0,-0.19703414634146343,0.08757073170731709,1.122,nan,nan,nan,nan,nan,nan,nan,nan,nan,nan,nan,nan
1758229636558786033,211,288,25.0,-0.19797235772357724,0.08718048780487805,1.117,nan,nan,nan,nan,nan,nan,nan,nan,nan,nan,nan,nan
1758229636592063397,212,288,25.0,-0.19650731707317073,0.08733658536585366,1.119,nan,nan,nan,nan,nan,nan,nan,nan,nan,nan,nan,nan
1758229636625615524,212,288,25.0,-0.19685853658536584,0.08749268292682927,1.121,nan,nan,nan,nan,nan,nan,nan,nan,nan,nan,nan,nan
1758229636658897595,212,288,25.0,-0.19650731707317073,0.08733658536585366,1.119,nan,nan,nan,nan,nan,nan,nan,nan,nan,nan,nan,nan
1758229636692173910,212,288,25.0,-0.19650731707317073,0.08733658536585366,1.119,nan,nan,nan,nan,nan,nan,nan,nan,nan,nan,nan,nan
1758229636725717225,212,288,25.0,-0.1963317073170732,0.08725853658536585,1.118,nan,nan,nan,nan,nan,nan,nan,nan,nan,nan,nan,nan
1758229636758991700,212,288,25.0,-0.19685853658536584,0.08749268292682927,1.121,nan,nan,nan,nan,nan,nan,nan,nan,nan,nan,nan,nan
1758229636792347220,212,288,25.0,-0.19720975609756097,0.08764878048780488,1.123,nan,nan,nan,nan,nan,nan,nan,nan,nan,nan,nan,nan
1758229636825600486,212,288,25.0,-0.19703414634146343,0.08757073170731709,1.122,nan,nan,nan,nan,nan,nan,nan,nan,nan,nan,nan,nan
1758229636859449404,212,288,25.0,-0.19650731707317073,0.08733658536585366,1.119,nan,nan,nan,nan,nan,nan,nan,nan,nan,nan,nan,nan
1758229636891974082,212,288,25.0,-0.19685853658536584,0.08749268292682927,1.121,nan,nan,nan,nan,nan,nan,nan,nan,nan,nan,nan,nan
1758229636924561925,212,288,25.0,-0.19738536585365854,0.08772682926829269,1.124,nan,nan,nan,nan,nan,nan,nan,nan,nan,nan,nan,nan
1758229636958151652,212,288,25.0,-0.19685853658536584,0.08749268292682927,1.121,nan,nan,nan,nan,nan,nan,nan,nan,nan,nan,nan,nan
1758229636996778530,212,288,25.0,-0.19650731707317073,0.08733658536585366,1.119,nan,nan,nan,nan,nan,nan,nan,nan,nan,nan,nan,nan
1758229637026701746,212,289,25.0,-0.19685853658536584,0.08931544715447155,1.121,nan,nan,nan,nan,nan,nan,nan,nan,nan,nan,nan,nan
1758229637058381301,212,289,25.0,-0.19738536585365854,0.08955447154471546,1.124,nan,nan,nan,nan,nan,nan,nan,nan,nan,nan,nan,nan
1758229637092123996,212,288,25.0,-0.19685853658536584,0.08749268292682927,1.121,nan,nan,nan,nan,nan,nan,nan,nan,nan,nan,nan,nan
1758229637126215964,212,288,25.0,-0.19720975609756097,0.08764878048780488,1.123,nan,nan,nan,nan,nan,nan,nan,nan,nan,nan,nan,nan
1758229637160148327,212,288,25.0,-0.19650731707317073,0.08733658536585366,1.119,nan,nan,nan,nan,nan,nan,nan,nan,nan,nan,nan,nan
1758229637194095697,212,288,25.0,-0.19685853658536584,0.08749268292682927,1.121,nan,nan,nan,nan,nan,nan,nan,nan,nan,nan,nan,nan
1758229637226608455,212,288,25.0,-0.19650731707317073,0.08733658536585366,1.119,nan,nan,nan,nan,nan,nan,nan,nan,nan,nan,nan,nan
1758229637259385898,212,288,25.0,-0.19650731707317073,0.08733658536585366,1.119,nan,nan,nan,nan,nan,nan,nan,nan,nan,nan,nan,nan
1758229637292686816,212,288,25.0,-0.19650731707317073,0.08733658536585366,1.119,nan,nan,nan,nan,nan,nan,nan,nan,nan,nan,nan,nan
1758229637326152083,212,288,25.0,-0.19685853658536584,0.08749268292682927,1.121,nan,nan,nan,nan,nan,nan,nan,nan,nan,nan,nan,nan
1758229637359564013,212,288,25.0,-0.19720975609756097,0.08764878048780488,1.123,nan,nan,nan,nan,nan,nan,nan,nan,nan,nan,nan,nan
1758229637392958876,212,288,25.0,-0.19703414634146343,0.08757073170731709,1.122,nan,nan,nan,nan,nan,nan,nan,nan,nan,nan,nan,nan
1758229637426277483,211,287,25.0,-0.19832682926829268,0.0855170731707317,1.119,nan,nan,nan,nan,nan,nan,nan,nan,nan,nan,nan,nan
1758229637459668189,212,288,25.0,-0.19650731707317073,0.08733658536585366,1.119,nan,nan,nan,nan,nan,nan,nan,nan,nan,nan,nan,nan
1758229637492793994,212,288,25.0,-0.19685853658536584,0.08749268292682927,1.121,nan,nan,nan,nan,nan,nan,nan,nan,nan,nan,nan,nan
1758229637527417452,212,288,25.0,-0.19650731707317073,0.08733658536585366,1.119,nan,nan,nan,nan,nan,nan,nan,nan,nan,nan,nan,nan
1758229637562821433,212,288,25.0,-0.19650731707317073,0.08733658536585366,1.119,nan,nan,nan,nan,nan,nan,nan,nan,nan,nan,nan,nan
1758229637592754963,212,288,25.0,-0.19703414634146343,0.08757073170731709,1.122,nan,nan,nan,nan,nan,nan,nan,nan,nan,nan,nan,nan
1758229637625471069,211,287,25.0,-0.1986813008130081,0.08566991869918698,1.121,nan,nan,nan,nan,nan,nan,nan,nan,nan,nan,nan,nan
1758229637659313586,212,288,25.0,-0.1975609756097561,0.08780487804878048,1.125,nan,nan,nan,nan,nan,nan,nan,nan,nan,nan,nan,nan
1758229637692816495,212,288,25.0,-0.19650731707317073,0.08733658536585366,1.119,nan,nan,nan,nan,nan,nan,nan,nan,nan,nan,nan,nan
1758229637726272636,212,288,25.0,-0.19685853658536584,0.08749268292682927,1.121,nan,nan,nan,nan,nan,nan,nan,nan,nan,nan,nan,nan
1758229637759846639,212,288,25.0,-0.19650731707317073,0.08733658536585366,1.119,nan,nan,nan,nan,nan,nan,nan,nan,nan,nan,nan,nan
1758229637793113055,212,288,25.0,-0.19650731707317073,0.08733658536585366,1.119,nan,nan,nan,nan,nan,nan,nan,nan,nan,nan,nan,nan
1758229637826418089,212,289,25.0,-0.19738536585365854,0.08955447154471546,1.124,nan,nan,nan,nan,nan,nan,nan,nan,nan,nan,nan,nan
1758229637859866965,212,288,25.0,-0.19703414634146343,0.08757073170731709,1.122,nan,nan,nan,nan,nan,nan,nan,nan,nan,nan,nan,nan
1758229637893205523,212,288,25.0,-0.1963317073170732,0.08725853658536585,1.118,nan,nan,nan,nan,nan,nan,nan,nan,nan,nan,nan,nan
1758229637926615272,212,288,25.0,-0.19738536585365854,0.08772682926829269,1.124,nan,nan,nan,nan,nan,nan,nan,nan,nan,nan,nan,nan
1758229637959975722,212,289,25.0,-0.19650731707317073,0.08915609756097562,1.119,nan,nan,nan,nan,nan,nan,nan,nan,nan,nan,nan,nan
1758229637993339525,211,287,25.0,-0.1986813008130081,0.08566991869918698,1.121,nan,nan,nan,nan,nan,nan,nan,nan,nan,nan,nan,nan
1758229638026723249,212,288,25.0,-0.19650731707317073,0.08733658536585366,1.119,nan,nan,nan,nan,nan,nan,nan,nan,nan,nan,nan,nan
1758229638060088376,212,288,25.0,-0.1963317073170732,0.08725853658536585,1.118,nan,nan,nan,nan,nan,nan,nan,nan,nan,nan,nan,nan
1758229638093474813,211,287,25.0,-0.19814959349593497,0.08544065040650407,1.118,nan,nan,nan,nan,nan,nan,nan,nan,nan,nan,nan,nan
1758229638126741330,212,288,25.0,-0.19650731707317073,0.08733658536585366,1.119,nan,nan,nan,nan,nan,nan,nan,nan,nan,nan,nan,nan
1758229638160034999,212,288,25.0,-0.19703414634146343,0.08757073170731709,1.122,nan,nan,nan,nan,nan,nan,nan,nan,nan,nan,nan,nan
1758229638193498527,212,288,25.0,-0.19650731707317073,0.08733658536585366,1.119,nan,nan,nan,nan,nan,nan,nan,nan,nan,nan,nan,nan
1758229638226880076,212,288,25.0,-0.19738536585365854,0.08772682926829269,1.124,nan,nan,nan,nan,nan,nan,nan,nan,nan,nan,nan,nan
1758229638260204126,212,288,25.0,-0.19650731707317073,0.08733658536585366,1.119,nan,nan,nan,nan,nan,nan,nan,nan,nan,nan,nan,nan
1758229638293631990,212,289,25.0,-0.19685853658536584,0.08931544715447155,1.121,nan,nan,nan,nan,nan,nan,nan,nan,nan,nan,nan,nan
1758229638326970311,212,288,25.0,-0.19685853658536584,0.08749268292682927,1.121,nan,nan,nan,nan,nan,nan,nan,nan,nan,nan,nan,nan
1758229638360441538,212,288,25.0,-0.1961560975609756,0.08718048780487805,1.117,nan,nan,nan,nan,nan,nan,nan,nan,nan,nan,nan,nan
1758229638393796832,212,288,25.0,-0.19685853658536584,0.08749268292682927,1.121,nan,nan,nan,nan,nan,nan,nan,nan,nan,nan,nan,nan
1758229638427268515,212,288,25.0,-0.1963317073170732,0.08725853658536585,1.118,nan,nan,nan,nan,nan,nan,nan,nan,nan,nan,nan,nan
1758229638460544162,211,288,25.0,-0.1986813008130081,0.08749268292682927,1.121,nan,nan,nan,nan,nan,nan,nan,nan,nan,nan,nan,nan
1758229638493937161,212,288,25.0,-0.1963317073170732,0.08725853658536585,1.118,nan,nan,nan,nan,nan,nan,nan,nan,nan,nan,nan,nan
1758229638527457926,212,288,25.0,-0.19685853658536584,0.08749268292682927,1.121,nan,nan,nan,nan,nan,nan,nan,nan,nan,nan,nan,nan
1758229638560678851,212,288,25.0,-0.19650731707317073,0.08733658536585366,1.119,nan,nan,nan,nan,nan,nan,nan,nan,nan,nan,nan,nan
1758229638593985712,212,288,25.0,-0.19650731707317073,0.08733658536585366,1.119,nan,nan,nan,nan,nan,nan,nan,nan,nan,nan,nan,nan
1758229638627327684,212,288,25.0,-0.19685853658536584,0.08749268292682927,1.121,nan,nan,nan,nan,nan,nan,nan,nan,nan,nan,nan,nan
1758229638660999006,212,288,25.0,-0.19685853658536584,0.08749268292682927,1.121,nan,nan,nan,nan,nan,nan,nan,nan,nan,nan,nan,nan
1758229638695757064,212,288,25.0,-0.19650731707317073,0.08733658536585366,1.119,nan,nan,nan,nan,nan,nan,nan,nan,nan,nan,nan,nan
1758229638729432656,212,288,25.0,-0.1961560975609756,0.08718048780487805,1.117,nan,nan,nan,nan,nan,nan,nan,nan,nan,nan,nan,nan
1758229638762854044,212,289,25.0,-0.19650731707317073,0.08915609756097562,1.119,nan,nan,nan,nan,nan,nan,nan,nan,nan,nan,nan,nan
1758229638795152652,212,288,25.0,-0.19685853658536584,0.08749268292682927,1.121,nan,nan,nan,nan,nan,nan,nan,nan,nan,nan,nan,nan
1758229638827983310,212,289,25.0,-0.19685853658536584,0.08931544715447155,1.121,nan,nan,nan,nan,nan,nan,nan,nan,nan,nan,nan,nan
1758229638861484976,212,288,25.0,-0.19650731707317073,0.08733658536585366,1.119,nan,nan,nan,nan,nan,nan,nan,nan,nan,nan,nan,nan
1758229638893863165,212,289,25.0,-0.19650731707317073,0.08915609756097562,1.119,nan,nan,nan,nan,nan,nan,nan,nan,nan,nan,nan,nan
1758229638927737177,212,288,25.0,-0.19685853658536584,0.08749268292682927,1.121,nan,nan,nan,nan,nan,nan,nan,nan,nan,nan,nan,nan
1758229638962052261,212,288,25.0,-0.19685853658536584,0.08749268292682927,1.121,nan,nan,nan,nan,nan,nan,nan,nan,nan,nan,nan,nan
1758229638995728180,211,287,25.0,-0.1986813008130081,0.08566991869918698,1.121,nan,nan,nan,nan,nan,nan,nan,nan,nan,nan,nan,nan
1758229639029087463,212,289,25.0,-0.19650731707317073,0.08915609756097562,1.119,nan,nan,nan,nan,nan,nan,nan,nan,nan,nan,nan,nan
1758229639062512396,212,288,25.0,-0.19650731707317073,0.08733658536585366,1.119,nan,nan,nan,nan,nan,nan,nan,nan,nan,nan,nan,nan
1758229639095849482,212,288,25.0,-0.19650731707317073,0.08733658536585366,1.119,nan,nan,nan,nan,nan,nan,nan,nan,nan,nan,nan,nan
1758229639129159499,212,288,25.0,-0.1963317073170732,0.08725853658536585,1.118,nan,nan,nan,nan,nan,nan,nan,nan,nan,nan,nan,nan
1758229639162657122,212,288,25.0,-0.19650731707317073,0.08733658536585366,1.119,nan,nan,nan,nan,nan,nan,nan,nan,nan,nan,nan,nan
1758229639193890132,212,288,25.0,-0.19650731707317073,0.08733658536585366,1.119,nan,nan,nan,nan,nan,nan,nan,nan,nan,nan,nan,nan
1758229639227514316,212,289,25.0,-0.19685853658536584,0.08931544715447155,1.121,nan,nan,nan,nan,nan,nan,nan,nan,nan,nan,nan,nan
1758229639261798342,212,289,25.0,-0.19650731707317073,0.08915609756097562,1.119,nan,nan,nan,nan,nan,nan,nan,nan,nan,nan,nan,nan
1758229639295273254,212,288,25.0,-0.19685853658536584,0.08749268292682927,1.121,nan,nan,nan,nan,nan,nan,nan,nan,nan,nan,nan,nan
1758229639329174057,212,288,25.0,-0.19650731707317073,0.08733658536585366,1.119,nan,nan,nan,nan,nan,nan,nan,nan,nan,nan,nan,nan
1758229639362093021,212,288,25.0,-0.19650731707317073,0.08733658536585366,1.119,nan,nan,nan,nan,nan,nan,nan,nan,nan,nan,nan,nan
1758229639395425364,212,289,25.0,-0.19685853658536584,0.08931544715447155,1.121,nan,nan,nan,nan,nan,nan,nan,nan,nan,nan,nan,nan
1758229639428826192,212,288,25.0,-0.19650731707317073,0.08733658536585366,1.119,nan,nan,nan,nan,nan,nan,nan,nan,nan,nan,nan,nan
1758229639462365190,211,288,25.0,-0.1992130081300813,0.08772682926829269,1.124,nan,nan,nan,nan,nan,nan,nan,nan,nan,nan,nan,nan
1758229639495412877,211,288,25.0,-0.1986813008130081,0.08749268292682927,1.121,nan,nan,nan,nan,nan,nan,nan,nan,nan,nan,nan,nan
1758229639528886101,212,289,25.0,-0.19720975609756097,0.08947479674796747,1.123,nan,nan,nan,nan,nan,nan,nan,nan,nan,nan,nan,nan
1758229639562286836,211,287,25.0,-0.19832682926829268,0.0855170731707317,1.119,nan,nan,nan,nan,nan,nan,nan,nan,nan,nan,nan,nan
1758229639595611935,212,288,25.0,-0.19650731707317073,0.08733658536585366,1.119,nan,nan,nan,nan,nan,nan,nan,nan,nan,nan,nan,nan
1758229639629115141,212,288,25.0,-0.19703414634146343,0.08757073170731709,1.122,nan,nan,nan,nan,nan,nan,nan,nan,nan,nan,nan,nan
1758229639662468422,211,288,25.0,-0.19832682926829268,0.08733658536585366,1.119,nan,nan,nan,nan,nan,nan,nan,nan,nan,nan,nan,nan
1758229639695582197,212,289,25.0,-0.19703414634146343,0.08939512195121953,1.122,nan,nan,nan,nan,nan,nan,nan,nan,nan,nan,nan,nan
1758229639729088304,212,289,25.0,-0.19685853658536584,0.08931544715447155,1.121,nan,nan,nan,nan,nan,nan,nan,nan,nan,nan,nan,nan
1758229639762511568,213,289,25.0,-0.1955577235772358,0.08955447154471546,1.124,nan,nan,nan,nan,nan,nan,nan,nan,nan,nan,nan,nan
1758229639795937726,212,288,25.0,-0.19650731707317073,0.08733658536585366,1.119,nan,nan,nan,nan,nan,nan,nan,nan,nan,nan,nan,nan
1758229639829311901,212,288,25.0,-0.19685853658536584,0.08749268292682927,1.121,nan,nan,nan,nan,nan,nan,nan,nan,nan,nan,nan,nan
1758229639862685779,212,288,25.0,-0.19650731707317073,0.08733658536585366,1.119,nan,nan,nan,nan,nan,nan,nan,nan,nan,nan,nan,nan
1758229639894889667,211,288,25.0,-0.19832682926829268,0.08733658536585366,1.119,nan,nan,nan,nan,nan,nan,nan,nan,nan,nan,nan,nan
1758229639928655853,212,288,25.0,-0.19650731707317073,0.08733658536585366,1.119,nan,nan,nan,nan,nan,nan,nan,nan,nan,nan,nan,nan
1758229639962168139,211,287,25.0,-0.19885853658536587,0.08574634146341464,1.122,nan,nan,nan,nan,nan,nan,nan,nan,nan,nan,nan,nan
1758229639995882406,212,288,25.0,-0.19650731707317073,0.08733658536585366,1.119,nan,nan,nan,nan,nan,nan,nan,nan,nan,nan,nan,nan
1758229640029210616,212,289,25.0,-0.19685853658536584,0.08931544715447155,1.121,nan,nan,nan,nan,nan,nan,nan,nan,nan,nan,nan,nan
1758229640062461115,212,289,25.0,-0.19650731707317073,0.08915609756097562,1.119,nan,nan,nan,nan,nan,nan,nan,nan,nan,nan,nan,nan
1758229640095825679,212,289,25.0,-0.19703414634146343,0.08939512195121953,1.122,nan,nan,nan,nan,nan,nan,nan,nan,nan,nan,nan,nan
1758229640133982623,212,289,25.0,-0.19685853658536584,0.08931544715447155,1.121,nan,nan,nan,nan,nan,nan,nan,nan,nan,nan,nan,nan
1758229640162966378,212,289,25.0,-0.19685853658536584,0.08931544715447155,1.121,nan,nan,nan,nan,nan,nan,nan,nan,nan,nan,nan,nan
1758229640195275239,212,289,25.0,-0.19650731707317073,0.08915609756097562,1.119,nan,nan,nan,nan,nan,nan,nan,nan,nan,nan,nan,nan
1758229640228833966,212,288,25.0,-0.19685853658536584,0.08749268292682927,1.121,nan,nan,nan,nan,nan,nan,nan,nan,nan,nan,nan,nan
1758229640262418307,212,288,25.0,-0.19773658536585365,0.08788292682926828,1.126,nan,nan,nan,nan,nan,nan,nan,nan,nan,nan,nan,nan
1758229640295664858,212,288,25.0,-0.19738536585365854,0.08772682926829269,1.124,nan,nan,nan,nan,nan,nan,nan,nan,nan,nan,nan,nan
1758229640333388623,212,288,25.0,-0.19650731707317073,0.08733658536585366,1.119,nan,nan,nan,nan,nan,nan,nan,nan,nan,nan,nan,nan
1758229640364346070,212,289,25.0,-0.19738536585365854,0.08955447154471546,1.124,nan,nan,nan,nan,nan,nan,nan,nan,nan,nan,nan,nan
1758229640395639562,212,288,25.0,-0.19650731707317073,0.08733658536585366,1.119,nan,nan,nan,nan,nan,nan,nan,nan,nan,nan,nan,nan
1758229640430336148,212,288,25.0,-0.19685853658536584,0.08749268292682927,1.121,nan,nan,nan,nan,nan,nan,nan,nan,nan,nan,nan,nan
1758229640463572154,212,288,25.0,-0.19650731707317073,0.08733658536585366,1.119,nan,nan,nan,nan,nan,nan,nan,nan,nan,nan,nan,nan
1758229640496859092,212,288,25.0,-0.19650731707317073,0.08733658536585366,1.119,nan,nan,nan,nan,nan,nan,nan,nan,nan,nan,nan,nan
1758229640534273520,212,289,25.0,-0.19650731707317073,0.08915609756097562,1.119,nan,nan,nan,nan,nan,nan,nan,nan,nan,nan,nan,nan
1758229640563354113,212,288,25.0,-0.19650731707317073,0.08733658536585366,1.119,nan,nan,nan,nan,nan,nan,nan,nan,nan,nan,nan,nan
1758229640595740001,212,288,25.0,-0.1963317073170732,0.08725853658536585,1.118,nan,nan,nan,nan,nan,nan,nan,nan,nan,nan,nan,nan
1758229640629448686,212,288,25.0,-0.19720975609756097,0.08764878048780488,1.123,nan,nan,nan,nan,nan,nan,nan,nan,nan,nan,nan,nan
1758229640663101960,212,289,25.0,-0.1963317073170732,0.08907642276422764,1.118,nan,nan,nan,nan,nan,nan,nan,nan,nan,nan,nan,nan
1758229640696806346,212,288,25.0,-0.19650731707317073,0.08733658536585366,1.119,nan,nan,nan,nan,nan,nan,nan,nan,nan,nan,nan,nan
1758229640730162626,212,289,25.0,-0.19685853658536584,0.08931544715447155,1.121,nan,nan,nan,nan,nan,nan,nan,nan,nan,nan,nan,nan
1758229640763601561,212,288,25.0,-0.19685853658536584,0.08749268292682927,1.121,nan,nan,nan,nan,nan,nan,nan,nan,nan,nan,nan,nan
1758229640797121509,212,288,25.0,-0.19738536585365854,0.08772682926829269,1.124,nan,nan,nan,nan,nan,nan,nan,nan,nan,nan,nan,nan
1758229640831475829,212,288,25.0,-0.19685853658536584,0.08749268292682927,1.121,nan,nan,nan,nan,nan,nan,nan,nan,nan,nan,nan,nan
1758229640864646990,212,289,25.0,-0.19650731707317073,0.08915609756097562,1.119,nan,nan,nan,nan,nan,nan,nan,nan,nan,nan,nan,nan
1758229640896130095,212,288,25.0,-0.19650731707317073,0.08733658536585366,1.119,nan,nan,nan,nan,nan,nan,nan,nan,nan,nan,nan,nan
1758229640929569361,212,288,25.0,-0.19650731707317073,0.08733658536585366,1.119,nan,nan,nan,nan,nan,nan,nan,nan,nan,nan,nan,nan
1758229640963748017,212,288,25.0,-0.19685853658536584,0.08749268292682927,1.121,nan,nan,nan,nan,nan,nan,nan,nan,nan,nan,nan,nan
1758229640997183464,212,288,25.0,-0.19650731707317073,0.08733658536585366,1.119,nan,nan,nan,nan,nan,nan,nan,nan,nan,nan,nan,nan
1758229641031115804,212,288,25.0,-0.19703414634146343,0.08757073170731709,1.122,nan,nan,nan,nan,nan,nan,nan,nan,nan,nan,nan,nan
1758229641064558382,212,288,25.0,-0.1963317073170732,0.08725853658536585,1.118,nan,nan,nan,nan,nan,nan,nan,nan,nan,nan,nan,nan
1758229641097769755,212,288,25.0,-0.19703414634146343,0.08757073170731709,1.122,nan,nan,nan,nan,nan,nan,nan,nan,nan,nan,nan,nan
1758229641131043252,212,288,25.0,-0.19720975609756097,0.08764878048780488,1.123,nan,nan,nan,nan,nan,nan,nan,nan,nan,nan,nan,nan
1758229641164660284,212,288,25.0,-0.19703414634146343,0.08757073170731709,1.122,nan,nan,nan,nan,nan,nan,nan,nan,nan,nan,nan,nan
1758229641197810703,211,287,25.0,-0.1986813008130081,0.08566991869918698,1.121,nan,nan,nan,nan,nan,nan,nan,nan,nan,nan,nan,nan
1758229641231278449,212,289,25.0,-0.19650731707317073,0.08915609756097562,1.119,nan,nan,nan,nan,nan,nan,nan,nan,nan,nan,nan,nan
1758229641264699690,212,288,25.0,-0.1963317073170732,0.08725853658536585,1.118,nan,nan,nan,nan,nan,nan,nan,nan,nan,nan,nan,nan
1758229641297890395,212,288,25.0,-0.19703414634146343,0.08757073170731709,1.122,nan,nan,nan,nan,nan,nan,nan,nan,nan,nan,nan,nan
1758229641331557592,212,288,25.0,-0.19685853658536584,0.08749268292682927,1.121,nan,nan,nan,nan,nan,nan,nan,nan,nan,nan,nan,nan
1758229641364745392,212,288,25.0,-0.19650731707317073,0.08733658536585366,1.119,nan,nan,nan,nan,nan,nan,nan,nan,nan,nan,nan,nan
1758229641398161938,212,288,25.0,-0.19650731707317073,0.08733658536585366,1.119,nan,nan,nan,nan,nan,nan,nan,nan,nan,nan,nan,nan
1758229641431518235,212,289,25.0,-0.19685853658536584,0.08931544715447155,1.121,nan,nan,nan,nan,nan,nan,nan,nan,nan,nan,nan,nan
1758229641464743509,212,288,25.0,-0.19685853658536584,0.08749268292682927,1.121,nan,nan,nan,nan,nan,nan,nan,nan,nan,nan,nan,nan
1758229641497559568,212,288,25.0,-0.19685853658536584,0.08749268292682927,1.121,nan,nan,nan,nan,nan,nan,nan,nan,nan,nan,nan,nan
1758229641531917702,212,288,25.0,-0.19685853658536584,0.08749268292682927,1.121,nan,nan,nan,nan,nan,nan,nan,nan,nan,nan,nan,nan
1758229641566009729,211,287,25.0,-0.19832682926829268,0.0855170731707317,1.119,nan,nan,nan,nan,nan,nan,nan,nan,nan,nan,nan,nan
1758229641598431705,212,288,25.0,-0.19738536585365854,0.08772682926829269,1.124,nan,nan,nan,nan,nan,nan,nan,nan,nan,nan,nan,nan
1758229641631237838,212,288,25.0,-0.19685853658536584,0.08749268292682927,1.121,nan,nan,nan,nan,nan,nan,nan,nan,nan,nan,nan,nan
1758229641664738945,211,288,25.0,-0.19797235772357724,0.08718048780487805,1.117,nan,nan,nan,nan,nan,nan,nan,nan,nan,nan,nan,nan
1758229641697909586,212,288,25.0,-0.19650731707317073,0.08733658536585366,1.119,nan,nan,nan,nan,nan,nan,nan,nan,nan,nan,nan,nan
1758229641730835104,212,288,25.0,-0.19650731707317073,0.08733658536585366,1.119,nan,nan,nan,nan,nan,nan,nan,nan,nan,nan,nan,nan
1758229641764232492,212,288,25.0,-0.19685853658536584,0.08749268292682927,1.121,nan,nan,nan,nan,nan,nan,nan,nan,nan,nan,nan,nan
1758229641798160159,211,287,25.0,-0.19939024390243903,0.08597560975609755,1.125,nan,nan,nan,nan,nan,nan,nan,nan,nan,nan,nan,nan
1758229641832001504,211,288,25.0,-0.19832682926829268,0.08733658536585366,1.119,nan,nan,nan,nan,nan,nan,nan,nan,nan,nan,nan,nan
1758229641865397487,212,288,25.0,-0.19685853658536584,0.08749268292682927,1.121,nan,nan,nan,nan,nan,nan,nan,nan,nan,nan,nan,nan
1758229641898865022,212,289,25.0,-0.1961560975609756,0.08899674796747967,1.117,nan,nan,nan,nan,nan,nan,nan,nan,nan,nan,nan,nan
1758229641932190576,211,287,25.0,-0.19832682926829268,0.0855170731707317,1.119,nan,nan,nan,nan,nan,nan,nan,nan,nan,nan,nan,nan
1758229641965580780,212,288,25.0,-0.1963317073170732,0.08725853658536585,1.118,nan,nan,nan,nan,nan,nan,nan,nan,nan,nan,nan,nan
1758229641998942916,212,288,25.0,-0.19650731707317073,0.08733658536585366,1.119,nan,nan,nan,nan,nan,nan,nan,nan,nan,nan,nan,nan
1758229642032352048,212,288,25.0,-0.19703414634146343,0.08757073170731709,1.122,nan,nan,nan,nan,nan,nan,nan,nan,nan,nan,nan,nan
1758229642065750213,212,288,25.0,-0.19685853658536584,0.08749268292682927,1.121,nan,nan,nan,nan,nan,nan,nan,nan,nan,nan,nan,nan
1758229642099052590,212,288,25.0,-0.19685853658536584,0.08749268292682927,1.121,nan,nan,nan,nan,nan,nan,nan,nan,nan,nan,nan,nan
1758229642132485131,212,288,25.0,-0.19720975609756097,0.08764878048780488,1.123,nan,nan,nan,nan,nan,nan,nan,nan,nan,nan,nan,nan
1758229642165849984,212,288,25.0,-0.19685853658536584,0.08749268292682927,1.121,nan,nan,nan,nan,nan,nan,nan,nan,nan,nan,nan,nan
1758229642199224777,212,289,25.0,-0.1961560975609756,0.08899674796747967,1.117,nan,nan,nan,nan,nan,nan,nan,nan,nan,nan,nan,nan
1758229642232576547,212,288,25.0,-0.1961560975609756,0.08718048780487805,1.117,nan,nan,nan,nan,nan,nan,nan,nan,nan,nan,nan,nan
1758229642266007031,212,288,25.0,-0.1963317073170732,0.08725853658536585,1.118,nan,nan,nan,nan,nan,nan,nan,nan,nan,nan,nan,nan
1758229642299323311,212,288,25.0,-0.19650731707317073,0.08733658536585366,1.119,nan,nan,nan,nan,nan,nan,nan,nan,nan,nan,nan,nan
1758229642332661002,212,288,25.0,-0.19650731707317073,0.08733658536585366,1.119,nan,nan,nan,nan,nan,nan,nan,nan,nan,nan,nan,nan
1758229642366118001,212,288,25.0,-0.1961560975609756,0.08718048780487805,1.117,nan,nan,nan,nan,nan,nan,nan,nan,nan,nan,nan,nan
1758229642400240160,212,288,25.0,-0.1963317073170732,0.08725853658536585,1.118,nan,nan,nan,nan,nan,nan,nan,nan,nan,nan,nan,nan
1758229642432721471,212,288,25.0,-0.19650731707317073,0.08733658536585366,1.119,nan,nan,nan,nan,nan,nan,nan,nan,nan,nan,nan,nan
1758229642466322053,212,289,25.0,-0.1961560975609756,0.08899674796747967,1.117,nan,nan,nan,nan,nan,nan,nan,nan,nan,nan,nan,nan
1758229642499639428,211,287,25.0,-0.19797235772357724,0.08536422764227643,1.117,nan,nan,nan,nan,nan,nan,nan,nan,nan,nan,nan,nan
1758229642532915963,212,289,25.0,-0.19650731707317073,0.08915609756097562,1.119,nan,nan,nan,nan,nan,nan,nan,nan,nan,nan,nan,nan
1758229642565494094,212,289,25.0,-0.19650731707317073,0.08915609756097562,1.119,nan,nan,nan,nan,nan,nan,nan,nan,nan,nan,nan,nan
1758229642600291897,212,289,25.0,-0.19703414634146343,0.08939512195121953,1.122,nan,nan,nan,nan,nan,nan,nan,nan,nan,nan,nan,nan
1758229642633662663,212,289,25.0,-0.19720975609756097,0.08947479674796747,1.123,nan,nan,nan,nan,nan,nan,nan,nan,nan,nan,nan,nan
1758229642666892890,212,289,25.0,-0.19650731707317073,0.08915609756097562,1.119,nan,nan,nan,nan,nan,nan,nan,nan,nan,nan,nan,nan
1758229642700509745,212,288,25.0,-0.19685853658536584,0.08749268292682927,1.121,nan,nan,nan,nan,nan,nan,nan,nan,nan,nan,nan,nan
1758229642733735974,211,287,25.0,-0.19761788617886178,0.08521138211382114,1.115,nan,nan,nan,nan,nan,nan,nan,nan,nan,nan,nan,nan
1758229642766320313,212,288,25.0,-0.19598048780487806,0.08710243902439026,1.116,nan,nan,nan,nan,nan,nan,nan,nan,nan,nan,nan,nan
1758229642799900508,211,288,25.0,-0.19832682926829268,0.08733658536585366,1.119,nan,nan,nan,nan,nan,nan,nan,nan,nan,nan,nan,nan
1758229642833115393,212,288,25.0,-0.19650731707317073,0.08733658536585366,1.119,nan,nan,nan,nan,nan,nan,nan,nan,nan,nan,nan,nan
1758229642866338829,212,288,25.0,-0.19685853658536584,0.08749268292682927,1.121,nan,nan,nan,nan,nan,nan,nan,nan,nan,nan,nan,nan
1758229642898502385,212,288,25.0,-0.19650731707317073,0.08733658536585366,1.119,nan,nan,nan,nan,nan,nan,nan,nan,nan,nan,nan,nan
1758229642932394042,212,288,25.0,-0.19650731707317073,0.08733658536585366,1.119,nan,nan,nan,nan,nan,nan,nan,nan,nan,nan,nan,nan
1758229642966444951,212,288,25.0,-0.1963317073170732,0.08725853658536585,1.118,nan,nan,nan,nan,nan,nan,nan,nan,nan,nan,nan,nan
1758229643004196613,212,288,25.0,-0.1963317073170732,0.08725853658536585,1.118,nan,nan,nan,nan,nan,nan,nan,nan,nan,nan,nan,nan
1758229643033554643,211,287,25.0,-0.1986813008130081,0.08566991869918698,1.121,nan,nan,nan,nan,nan,nan,nan,nan,nan,nan,nan,nan
1758229643065542825,212,289,25.0,-0.19650731707317073,0.08915609756097562,1.119,nan,nan,nan,nan,nan,nan,nan,nan,nan,nan,nan,nan
1758229643099378715,212,288,25.0,-0.19703414634146343,0.08757073170731709,1.122,nan,nan,nan,nan,nan,nan,nan,nan,nan,nan,nan,nan
1758229643133341979,211,287,25.0,-0.1986813008130081,0.08566991869918698,1.121,nan,nan,nan,nan,nan,nan,nan,nan,nan,nan,nan,nan
1758229643167420802,211,287,25.0,-0.19814959349593497,0.08544065040650407,1.118,nan,nan,nan,nan,nan,nan,nan,nan,nan,nan,nan,nan
1758229643200706524,212,288,25.0,-0.19685853658536584,0.08749268292682927,1.121,nan,nan,nan,nan,nan,nan,nan,nan,nan,nan,nan,nan
1758229643234054461,212,289,25.0,-0.19650731707317073,0.08915609756097562,1.119,nan,nan,nan,nan,nan,nan,nan,nan,nan,nan,nan,nan
1758229643267362032,212,288,25.0,-0.19650731707317073,0.08733658536585366,1.119,nan,nan,nan,nan,nan,nan,nan,nan,nan,nan,nan,nan
1758229643300732647,212,289,25.0,-0.19650731707317073,0.08915609756097562,1.119,nan,nan,nan,nan,nan,nan,nan,nan,nan,nan,nan,nan
1758229643334087723,212,289,25.0,-0.19720975609756097,0.08947479674796747,1.123,nan,nan,nan,nan,nan,nan,nan,nan,nan,nan,nan,nan
1758229643366945083,212,288,25.0,-0.19703414634146343,0.08757073170731709,1.122,nan,nan,nan,nan,nan,nan,nan,nan,nan,nan,nan,nan
1758229643400385254,212,288,25.0,-0.19650731707317073,0.08733658536585366,1.119,nan,nan,nan,nan,nan,nan,nan,nan,nan,nan,nan,nan
1758229643434429602,212,289,25.0,-0.1961560975609756,0.08899674796747967,1.117,nan,nan,nan,nan,nan,nan,nan,nan,nan,nan,nan,nan
1758229643466966619,212,289,25.0,-0.19720975609756097,0.08947479674796747,1.123,nan,nan,nan,nan,nan,nan,nan,nan,nan,nan,nan,nan
1758229643500321836,212,288,25.0,-0.19598048780487806,0.08710243902439026,1.116,nan,nan,nan,nan,nan,nan,nan,nan,nan,nan,nan,nan
1758229643533669970,212,288,25.0,-0.19650731707317073,0.08733658536585366,1.119,nan,nan,nan,nan,nan,nan,nan,nan,nan,nan,nan,nan
1758229643566893312,213,289,25.0,-0.1946878048780488,0.08915609756097562,1.119,nan,nan,nan,nan,nan,nan,nan,nan,nan,nan,nan,nan
1758229643600790405,212,288,25.0,-0.1961560975609756,0.08718048780487805,1.117,nan,nan,nan,nan,nan,nan,nan,nan,nan,nan,nan,nan
1758229643634263190,212,288,25.0,-0.19685853658536584,0.08749268292682927,1.121,nan,nan,nan,nan,nan,nan,nan,nan,nan,nan,nan,nan
1758229643667590185,212,289,25.0,-0.19650731707317073,0.08915609756097562,1.119,nan,nan,nan,nan,nan,nan,nan,nan,nan,nan,nan,nan
1758229643700852538,212,288,25.0,-0.19650731707317073,0.08733658536585366,1.119,nan,nan,nan,nan,nan,nan,nan,nan,nan,nan,nan,nan
1758229643736266205,212,288,25.0,-0.19738536585365854,0.08772682926829269,1.124,nan,nan,nan,nan,nan,nan,nan,nan,nan,nan,nan,nan
1758229643768070710,212,288,25.0,-0.19703414634146343,0.08757073170731709,1.122,nan,nan,nan,nan,nan,nan,nan,nan,nan,nan,nan,nan
1758229643800074066,212,288,25.0,-0.19685853658536584,0.08749268292682927,1.121,nan,nan,nan,nan,nan,nan,nan,nan,nan,nan,nan,nan
1758229643833331741,212,289,25.0,-0.1961560975609756,0.08899674796747967,1.117,nan,nan,nan,nan,nan,nan,nan,nan,nan,nan,nan,nan
1758229643867258644,212,288,25.0,-0.19703414634146343,0.08757073170731709,1.122,nan,nan,nan,nan,nan,nan,nan,nan,nan,nan,nan,nan
1758229643900456960,212,288,25.0,-0.19650731707317073,0.08733658536585366,1.119,nan,nan,nan,nan,nan,nan,nan,nan,nan,nan,nan,nan
1758229643934152625,212,288,25.0,-0.19703414634146343,0.08757073170731709,1.122,nan,nan,nan,nan,nan,nan,nan,nan,nan,nan,nan,nan
1758229643967587336,212,288,25.0,-0.1963317073170732,0.08725853658536585,1.118,nan,nan,nan,nan,nan,nan,nan,nan,nan,nan,nan,nan
1758229644000817314,212,288,25.0,-0.19703414634146343,0.08757073170731709,1.122,nan,nan,nan,nan,nan,nan,nan,nan,nan,nan,nan,nan
1758229644034306282,212,288,25.0,-0.19598048780487806,0.08710243902439026,1.116,nan,nan,nan,nan,nan,nan,nan,nan,nan,nan,nan,nan
1758229644067657962,212,288,25.0,-0.19703414634146343,0.08757073170731709,1.122,nan,nan,nan,nan,nan,nan,nan,nan,nan,nan,nan,nan
1758229644100978253,212,288,25.0,-0.19650731707317073,0.08733658536585366,1.119,nan,nan,nan,nan,nan,nan,nan,nan,nan,nan,nan,nan
1758229644134424594,212,288,25.0,-0.19685853658536584,0.08749268292682927,1.121,nan,nan,nan,nan,nan,nan,nan,nan,nan,nan,nan,nan
1758229644167790305,211,287,25.0,-0.19832682926829268,0.0855170731707317,1.119,nan,nan,nan,nan,nan,nan,nan,nan,nan,nan,nan,nan
1758229644201072113,212,289,25.0,-0.19773658536585365,0.08971382113821137,1.126,nan,nan,nan,nan,nan,nan,nan,nan,nan,nan,nan,nan
1758229644235654002,212,288,25.0,-0.19685853658536584,0.08749268292682927,1.121,nan,nan,nan,nan,nan,nan,nan,nan,nan,nan,nan,nan
1758229644269186029,212,289,25.0,-0.19685853658536584,0.08931544715447155,1.121,nan,nan,nan,nan,nan,nan,nan,nan,nan,nan,nan,nan
1758229644301159148,212,289,25.0,-0.19685853658536584,0.08931544715447155,1.121,nan,nan,nan,nan,nan,nan,nan,nan,nan,nan,nan,nan
1758229644334474343,212,288,25.0,-0.19685853658536584,0.08749268292682927,1.121,nan,nan,nan,nan,nan,nan,nan,nan,nan,nan,nan,nan
1758229644368360106,212,289,25.0,-0.19685853658536584,0.08931544715447155,1.121,nan,nan,nan,nan,nan,nan,nan,nan,nan,nan,nan,nan
1758229644402302672,212,288,25.0,-0.1961560975609756,0.08718048780487805,1.117,nan,nan,nan,nan,nan,nan,nan,nan,nan,nan,nan,nan
1758229644435633718,212,289,25.0,-0.1961560975609756,0.08899674796747967,1.117,nan,nan,nan,nan,nan,nan,nan,nan,nan,nan,nan,nan
1758229644467861608,212,289,25.0,-0.19703414634146343,0.08939512195121953,1.122,nan,nan,nan,nan,nan,nan,nan,nan,nan,nan,nan,nan
1758229644500913448,212,289,25.0,-0.19685853658536584,0.08931544715447155,1.121,nan,nan,nan,nan,nan,nan,nan,nan,nan,nan,nan,nan
1758229644534178957,212,288,25.0,-0.19703414634146343,0.08757073170731709,1.122,nan,nan,nan,nan,nan,nan,nan,nan,nan,nan,nan,nan
1758229644567600263,211,288,25.0,-0.19814959349593497,0.08725853658536585,1.118,nan,nan,nan,nan,nan,nan,nan,nan,nan,nan,nan,nan
1758229644601334456,212,288,25.0,-0.19703414634146343,0.08757073170731709,1.122,nan,nan,nan,nan,nan,nan,nan,nan,nan,nan,nan,nan
1758229644634549992,211,288,25.0,-0.1992130081300813,0.08772682926829269,1.124,nan,nan,nan,nan,nan,nan,nan,nan,nan,nan,nan,nan
1758229644667950285,212,289,25.0,-0.19685853658536584,0.08931544715447155,1.121,nan,nan,nan,nan,nan,nan,nan,nan,nan,nan,nan,nan
1758229644701425947,212,288,25.0,-0.19650731707317073,0.08733658536585366,1.119,nan,nan,nan,nan,nan,nan,nan,nan,nan,nan,nan,nan
1758229644734776410,211,288,25.0,-0.1986813008130081,0.08749268292682927,1.121,nan,nan,nan,nan,nan,nan,nan,nan,nan,nan,nan,nan
1758229644768101784,212,289,25.0,-0.19738536585365854,0.08955447154471546,1.124,nan,nan,nan,nan,nan,nan,nan,nan,nan,nan,nan,nan
1758229644801554150,211,287,25.0,-0.19903577235772357,0.08582276422764228,1.123,nan,nan,nan,nan,nan,nan,nan,nan,nan,nan,nan,nan
1758229644839701674,212,289,25.0,-0.19703414634146343,0.08939512195121953,1.122,nan,nan,nan,nan,nan,nan,nan,nan,nan,nan,nan,nan
1758229644869006074,212,289,25.0,-0.19650731707317073,0.08915609756097562,1.119,nan,nan,nan,nan,nan,nan,nan,nan,nan,nan,nan,nan
1758229644900882152,212,288,25.0,-0.19703414634146343,0.08757073170731709,1.122,nan,nan,nan,nan,nan,nan,nan,nan,nan,nan,nan,nan
1758229644934296362,212,288,25.0,-0.19650731707317073,0.08733658536585366,1.119,nan,nan,nan,nan,nan,nan,nan,nan,nan,nan,nan,nan
1758229644968211550,212,288,25.0,-0.19650731707317073,0.08733658536585366,1.119,nan,nan,nan,nan,nan,nan,nan,nan,nan,nan,nan,nan
1758229645001953833,212,288,25.0,-0.19598048780487806,0.08710243902439026,1.116,nan,nan,nan,nan,nan,nan,nan,nan,nan,nan,nan,nan
1758229645035223484,212,289,25.0,-0.19685853658536584,0.08931544715447155,1.121,nan,nan,nan,nan,nan,nan,nan,nan,nan,nan,nan,nan
1758229645068509775,212,288,25.0,-0.19685853658536584,0.08749268292682927,1.121,nan,nan,nan,nan,nan,nan,nan,nan,nan,nan,nan,nan
1758229645101866162,212,289,25.0,-0.19650731707317073,0.08915609756097562,1.119,nan,nan,nan,nan,nan,nan,nan,nan,nan,nan,nan,nan
1758229645135219090,212,288,25.0,-0.19685853658536584,0.08749268292682927,1.121,nan,nan,nan,nan,nan,nan,nan,nan,nan,nan,nan,nan
1758229645168744504,212,289,25.0,-0.19720975609756097,0.08947479674796747,1.123,nan,nan,nan,nan,nan,nan,nan,nan,nan,nan,nan,nan
1758229645202122297,212,288,25.0,-0.19738536585365854,0.08772682926829269,1.124,nan,nan,nan,nan,nan,nan,nan,nan,nan,nan,nan,nan
1758229645235349304,212,288,25.0,-0.19650731707317073,0.08733658536585366,1.119,nan,nan,nan,nan,nan,nan,nan,nan,nan,nan,nan,nan
1758229645268844717,212,289,25.0,-0.19650731707317073,0.08915609756097562,1.119,nan,nan,nan,nan,nan,nan,nan,nan,nan,nan,nan,nan
1758229645302105817,212,288,25.0,-0.19650731707317073,0.08733658536585366,1.119,nan,nan,nan,nan,nan,nan,nan,nan,nan,nan,nan,nan
1758229645337322768,212,288,25.0,-0.1961560975609756,0.08718048780487805,1.117,nan,nan,nan,nan,nan,nan,nan,nan,nan,nan,nan,nan
1758229645368737752,212,288,25.0,-0.19703414634146343,0.08757073170731709,1.122,nan,nan,nan,nan,nan,nan,nan,nan,nan,nan,nan,nan
1758229645402405124,212,288,25.0,-0.19685853658536584,0.08749268292682927,1.121,nan,nan,nan,nan,nan,nan,nan,nan,nan,nan,nan,nan
1758229645435679547,212,288,25.0,-0.19685853658536584,0.08749268292682927,1.121,nan,nan,nan,nan,nan,nan,nan,nan,nan,nan,nan,nan
1758229645468893544,212,288,25.0,-0.1975609756097561,0.08780487804878048,1.125,nan,nan,nan,nan,nan,nan,nan,nan,nan,nan,nan,nan
1758229645502476801,212,288,25.0,-0.19703414634146343,0.08757073170731709,1.122,nan,nan,nan,nan,nan,nan,nan,nan,nan,nan,nan,nan
1758229645535660596,212,288,25.0,-0.19685853658536584,0.08749268292682927,1.121,nan,nan,nan,nan,nan,nan,nan,nan,nan,nan,nan,nan
1758229645569117005,211,287,25.0,-0.1986813008130081,0.08566991869918698,1.121,nan,nan,nan,nan,nan,nan,nan,nan,nan,nan,nan,nan
1758229645602431889,211,288,25.0,-0.19903577235772357,0.08764878048780488,1.123,nan,nan,nan,nan,nan,nan,nan,nan,nan,nan,nan,nan
1758229645635883426,212,289,25.0,-0.19703414634146343,0.08939512195121953,1.122,nan,nan,nan,nan,nan,nan,nan,nan,nan,nan,nan,nan
1758229645669579250,212,288,25.0,-0.19685853658536584,0.08749268292682927,1.121,nan,nan,nan,nan,nan,nan,nan,nan,nan,nan,nan,nan
1758229645702875959,212,289,25.0,-0.19703414634146343,0.08939512195121953,1.122,nan,nan,nan,nan,nan,nan,nan,nan,nan,nan,nan,nan
1758229645736207624,212,289,25.0,-0.19650731707317073,0.08915609756097562,1.119,nan,nan,nan,nan,nan,nan,nan,nan,nan,nan,nan,nan
1758229645769600574,212,289,25.0,-0.1961560975609756,0.08899674796747967,1.117,nan,nan,nan,nan,nan,nan,nan,nan,nan,nan,nan,nan
1758229645802935005,212,288,25.0,-0.19773658536585365,0.08788292682926828,1.126,nan,nan,nan,nan,nan,nan,nan,nan,nan,nan,nan,nan
1758229645836310730,212,288,25.0,-0.19720975609756097,0.08764878048780488,1.123,nan,nan,nan,nan,nan,nan,nan,nan,nan,nan,nan,nan
1758229645869736941,212,289,25.0,-0.1963317073170732,0.08907642276422764,1.118,nan,nan,nan,nan,nan,nan,nan,nan,nan,nan,nan,nan
1758229645902025038,212,288,25.0,-0.19685853658536584,0.08749268292682927,1.121,nan,nan,nan,nan,nan,nan,nan,nan,nan,nan,nan,nan
1758229645935440569,212,288,25.0,-0.19703414634146343,0.08757073170731709,1.122,nan,nan,nan,nan,nan,nan,nan,nan,nan,nan,nan,nan
