t_cam_ns,frame_id,ball_px_cx,ball_px_cy,ball_px_radius,ball_cam_x,ball_cam_y,ball_cam_z,ball_world_x,ball_world_y,ball_world_z,ball_world_vx,ball_world_vy,ball_world_vz,ee_x,ee_y,ee_z,ee_roll,ee_pitch,ee_yaw,ee_vx,ee_vy,ee_vz,ee_wx,ee_wy,ee_wz,q1,q2,q3,q4,q5,q6,q7,dq1,dq2,dq3,dq4,dq5,dq6,dq7,gripper_ratio
1758245369850540684,0,684,422,35.0,1.223,-0.05942261906611492,-0.09836158177148074,1.1292171302325225,0.0604328746498043,0.06363972725653078,0.0,0.0,0.0,0.3148130905590416,-0.0022814303652643124,0.4468030854552654,0.117735190991625,0.17926879003310578,-0.006020453983254418,0.0,0.0,0.0,0.0,0.0,0.0,-1.1555844460652887,-1.266101866168279,0.6164810955323036,-2.502193080755582,0.7476641778487222,1.4522181657011255,-0.10153472695273145,0.0005264491300358194,-0.00015132058666008242,-0.000726942585094745,0.0002694651133278099,3.8885595511131785e-05,0.00026579490495032943,-0.00021562824652743675,0.0012263879179954529
1758245369948798012,1,684,422,35.0,1.224,-0.059473713321545794,-0.09844615750817161,1.1292320736635049,0.060380608058789496,0.06263632925761131,0.00015208464637269512,-0.0005319358065059717,-0.01021194061901891,0.3148118577956761,-0.0022828972027332793,0.4468017194281286,0.11773343141242701,0.1792700716666939,-0.006023181287076582,0.0,0.0,0.0,0.0,0.0,0.0,-1.155586488227674,-1.266103591747399,0.6164771914990151,-2.502196243278184,0.7476673569268516,1.4522151836676658,-0.10154207136884423,-0.0009919551731915647,0.0008986736181008545,-0.0002202851883685242,-0.0016842626840531442,0.0006751906634582377,0.0009937876311998319,-0.00097929957025987,0.001234583556652069
1758245370142655972,2,684,422,35.0,1.226,-0.05957590183240755,-0.09861530898155334,1.1292619605254695,0.06027607487675994,0.06062953325977216,0.00015416886654842434,-0.0005392256373148414,-0.010351888557163968,0.3148109533893267,-0.0022828247199170757,0.44680030087269346,0.1177262788899691,0.17926437153036864,-0.00602624745022066,0.0,0.0,0.0,0.0,0.0,0.0,-1.155586268903093,-1.2661034857835585,0.6164800020294374,-2.502193935895411,0.7476656932486387,1.4522167572288822,-0.10153579090875481,-0.00013442926643721432,0.0007838608749133944,0.001450135784353185,0.0006688320259309608,-0.001182017592010419,-0.00149597678425854,-0.0005485991892270492,0.0012263879179954529
1758245370283007478,3,684,422,35.0,1.22,-0.05926933629982228,-0.09810785456140812,1.1291722999395752,0.06058967442284864,0.06664992125328939,-0.0006388288123834842,0.002234386755270726,0.04289507227316271,0.31481272409314676,-0.0022820889579524854,0.44680225954046004,0.11772730386503344,0.17926875549645155,-0.006024580828406628,0.0,0.0,0.0,0.0,0.0,0.0,-1.1555882663642654,-1.2661018792502314,0.6164754201672578,-2.5021893292603687,0.7476625545989669,1.4522154825983233,-0.10153797030274296,-0.0007194807831135671,-0.00010160447109694475,-0.0005433457762710459,-0.00027238496565932895,-0.00018720969689655075,0.000903300964187362,-0.0008025664139390256,0.0012263879179954529
1758245370345188927,4,684,422,35.0,1.223,-0.05942261906611492,-0.09836158177148074,1.1292171302325225,0.0604328746498043,0.06363972725653078,0.0007209592839693675,-0.0025216487483966953,-0.04840983999518272,0.31481328440338907,-0.0022829278881835256,0.4468027893183965,0.11772186392739462,0.17927057774044564,-0.006020517887766365,0.0,0.0,0.0,0.0,0.0,0.0,-1.155586171789769,-1.2661001657716957,0.6164772151494236,-2.502192886415941,0.7476657324944704,1.4522163872062561,-0.10153993451665065,-0.00012274469384488074,0.0010011030641747648,3.35473457749771e-05,-0.00010878069869564664,-0.0004796263466720124,0.0004499914487731007,-0.0012565902553219976,0.0012099966406822205
1758245370366497448,5,684,422,35.0,1.223,-0.05942261906611492,-0.09836158177148074,1.1292171302325225,0.0604328746498043,0.06363972725653078,0.0,0.0,0.0,0.3148134115363192,-0.0022801754375630237,0.4468041411601906,0.11773333336895966,0.17927272681088144,-0.006025362249717139,0.0,0.0,0.0,0.0,0.0,0.0,-1.155588387872491,-1.2660990167723694,0.6164747053733564,-2.502194669075534,0.7476649896272588,1.4522159952321985,-0.10153614642021754,-0.0002626170679173561,-0.0015201430748206948,0.0012839624750994013,0.0011122395736983893,0.000766127565722634,-0.0005779668273779822,-0.00022077033316681045,0.0012099966406822205
1758245370461925559,6,684,423,35.0,1.225,-0.05952480757697669,-0.10034319269788866,1.1291592251835016,0.05851899763254829,0.06157310197214705,-0.000606792363529151,-0.020055694251938094,-0.021656357468751816,0.31481269285604163,-0.002283651654450778,0.44680397483993584,0.11773010653186688,0.17927149277679785,-0.006021161249976218,0.0,0.0,0.0,0.0,0.0,0.0,-1.1555861708118633,-1.2661055896486715,0.616477088058395,-2.5021948638837643,0.7476633121632442,1.452215134407573,-0.10153388673558787,0.00017949787259547662,-0.0011034452211252331,-0.0015775062554425493,0.0009594074290522963,-0.0007139304345985303,0.0005420206132218727,0.0009533199690768566,0.0012181922793388367
1758245370543116011,7,684,422,35.0,1.227,-0.05962699608783844,-0.09869988471824422,1.1292769039564519,0.06022380828574515,0.05962613526085225,0.0014494164036703944,0.020997674125485418,-0.023980242298623923,0.31481225660486456,-0.002280557352092712,0.44680107537018066,0.1177356114968519,0.17926051688971587,-0.00602137665452796,0.0,0.0,0.0,0.0,0.0,0.0,-1.1555827336118318,-1.2660997334830026,0.6164772032707293,-2.5021918445069105,0.7476641787123203,1.4522154864922827,-0.10153690334116153,0.00043793265833216274,8.821591388212036e-05,0.00023863103598181844,-0.00027439182718549314,0.0007517721648180676,0.0004629901768587098,0.00023041015340482857,0.0012181922793388367
1758245370639438417,8,684,422,35.0,1.224,-0.059473713321545794,-0.09844615750817161,1.1292320736635049,0.060380608058789496,0.06263632925761131,-0.0004654191564421231,0.0016278639576792024,0.03125123345402168,0.31481274171331874,-0.0022833436503265658,0.44680116042240214,0.11772577220114468,0.1792680203464957,-0.006029213344556088,0.0,0.0,0.0,0.0,0.0,0.0,-1.1555844460652887,-1.2661018674382838,0.6164773063050415,-2.5021985400612006,0.7476643349958892,1.4522159995929231,-0.10153654917590446,0.0007706817396870574,-0.0005603922719755136,0.0010498322299952098,0.0008680338341946988,0.0006943054464883121,-0.001060908430955083,0.00015743765382692014,0.001234583556652069
1758245370661160018,9,684,422,35.0,1.228,-0.05967809034326932,-0.09878446045493507,1.1292918473874345,0.060171541694730366,0.05862273726193279,0.0027518102339520764,-0.009624813753789643,-0.18477422523682865,0.31481275058148084,-0.0022816589961961856,0.44680269006580964,0.11773387442306182,0.17927089786094502,-0.00602123847882097,0.0,0.0,0.0,0.0,0.0,0.0,-1.1555844461785059,-1.266100492305893,0.6164771944623683,-2.502195889368711,0.7476649749003342,1.4522151426523335,-0.1015369040442987,-0.00021981405884267816,-0.000659163880050652,0.002112226805589605,-0.00157130632968754,-0.0008636512304062377,-8.29866005620858e-05,0.0006747429492748645,0.001234583556652069
1758245370795744253,10,684,422,35.0,1.223,-0.05942261906611492,-0.09836158177148074,1.1292171302325225,0.0604328746498043,0.06363972725653078,-0.0005551701869987193,0.001941779845714713,0.03727769448329507,0.3148117711333731,-0.002282541711315741,0.44680238716759246,0.11772548572458315,0.17926873114258216,-0.006022308108077496,0.0,0.0,0.0,0.0,0.0,0.0,-1.1555827335681161,-1.266103341179589,0.6164761248980402,-2.5021986139999197,0.7476656932466443,1.4522167528502892,-0.10153690404429871,0.0004615867972548876,0.001195447762933427,0.0008177518343097327,0.000395178454249595,-0.0005262192435980768,-0.0008153244724005379,0.0013561889464644278,0.0012263879179954529
1758245370896419145,11,684,422,35.0,1.227,-0.05962699608783844,-0.09869988471824422,1.1292769039564519,0.06022380828574515,0.05962613526085225,0.0005937302016614193,-0.002076648505956627,-0.03986686169654419,0.3148122557035256,-0.0022813591646742397,0.44680175536649636,0.11772870948935411,0.17926681140820191,-0.006024542195130104,0.0,0.0,0.0,0.0,0.0,0.0,-1.1555891255492405,-1.266103591698967,0.6164789859216528,-2.5021929683213804,0.7476657728648346,1.4522163878585475,-0.10153265334185399,-0.0010437520870228377,-0.00011711206176475081,-0.0009799575638041798,0.0005623363648130907,0.0005046897581993908,0.001264754226020425,-0.0010723934412135037,0.0012263879179954529
1758245370993780604,12,684,422,35.0,1.223,-0.05942261906611492,-0.09836158177148074,1.1292171302325225,0.0604328746498043,0.06363972725653078,-0.0006139361975810327,0.002147321601447496,0.041223622128326184,0.31481206006373036,-0.00228340442248692,0.4468024143069287,0.11772286056541666,0.17926961674514388,-0.006023542252901148,0.0,0.0,0.0,0.0,0.0,0.0,-1.1555844460653575,-1.2661034857309599,0.6164757556714109,-2.5021979622417154,0.7476649370900826,1.4522190387865026,-0.10153584220008384,0.0005675418343469695,0.0005461588389124542,0.0010055013320149574,-0.0010753076437408486,0.0005275116814621213,-0.0005881014730456153,0.0007058240021345869,0.0012263879179954529
1758245371096020159,13,684,422,35.0,1.227,-0.05962699608783844,-0.09869988471824422,1.1292769039564519,0.06022380828574515,0.05962613526085225,0.000584643819404355,-0.002044867703690071,-0.039256743592815155,0.31481244728503255,-0.002281445410143168,0.4468030003664489,0.1177339041957788,0.17926934353613347,-0.006022141854556913,0.0,0.0,0.0,0.0,0.0,0.0,-1.1555861585756686,-1.2661035904391706,0.6164772032713718,-2.5021954102835284,0.7476638203846223,1.4522132609349556,-0.10153721268803248,-0.0010759770586916966,-0.0003645224284715111,-0.0007951406800619124,0.0007184935603827991,-0.0003533329109257132,0.000716739501191411,-0.0008699529164623646,0.0012263879179954529
1758245371195229476,14,684,422,35.0,1.23,-0.05978027885413109,-0.09895361192831682,1.129321734249399,0.06006700851270078,0.05661594126409364,0.0004518758348796791,-0.0015804944312273685,-0.030341847800026828,0.31481226348984154,-0.0022816356849845905,0.4468049266998223,0.11773341876374434,0.17927194913041883,-0.006020273402439784,0.0,0.0,0.0,0.0,0.0,0.0,-1.1555861556372065,-1.2661055631642988,0.6164779010674334,-2.5021992070618038,0.7476675919541601,1.4522191743160704,-0.10154080036656282,0.00015103102181363189,0.00023893419240251672,0.0005051760840022807,-0.0020390181102434425,-0.0005344485463352395,-0.0005959178067031241,0.0003978288284780544,0.0012181922793388367
1758245371296223426,15,684,422,35.0,1.225,-0.05952480757697669,-0.09853073324486247,1.1292470170944873,0.06032834146777472,0.061632931258691404,-0.0007398181268462866,0.0025876100011331333,0.04967614391354893,0.31481293468571064,-0.0022817559344942375,0.4468027416654684,0.11773672054532011,0.17926787644078837,-0.006023168080772344,0.0,0.0,0.0,0.0,0.0,0.0,-1.1555827335850772,-1.2661035122745596,0.6164789063402009,-2.5021948674582206,0.7476650591823298,1.4522167528503886,-0.10154399914849697,6.863510544767111e-05,0.00040540025654100723,-0.0009519188742688944,-0.000393295942426899,-0.00030893121726137255,-0.0003779979522032508,0.001478664097495685,0.0012181922793388367
1758245371394245023,16,684,422,35.0,1.224,-0.059473713321545794,-0.09844615750817161,1.1292320736635049,0.060380608058789496,0.06263632925761131,-0.00015245039297213158,0.0005332150527477536,0.010236499196395547,0.3148125198521601,-0.0022808512517836547,0.4468040991369418,0.11773396078729231,0.17926868756517278,-0.006020794719164678,0.0,0.0,0.0,0.0,0.0,0.0,-1.1555807356547108,-1.2661022297769031,0.6164769648547312,-2.5021933802383947,0.7476653568445922,1.452214371764867,-0.10153841928047468,-0.0008990690313639202,-0.0019073782275506811,-0.0003056272975707824,0.0007039334684031842,0.000701667739463916,0.0008677003629464826,0.0019104473313131779,0.0012263879179954529
1758245371494187388,17,684,422,35.0,1.23,-0.05978027885413109,-0.09895361192831682,1.129321734249399,0.06006700851270078,0.05661594126409364,0.000897122915734618,-0.0031378039341846036,-0.06023859845139419,0.3148130010262313,-0.002282649053632477,0.44680249773122377,0.1177275586316526,0.17927180543294557,-0.006024940478327964,0.0,0.0,0.0,0.0,0.0,0.0,-1.155586159583702,-1.2660989917363288,0.6164753411980779,-2.502195605188872,0.7476642172583193,1.4522167920964397,-0.10153801758323552,3.4017391977328535e-06,0.0009701036476266142,-0.00016035047144960567,-0.0006592935581545304,1.523087982760571e-05,0.000676752577246917,0.0012073756400014792,0.0012263879179954529
1758245371594112350,18,684,423,35.0,1.221,-0.05932043055525315,-0.0999986667143766,1.129099752891026,0.058734276335955835,0.06558689939026863,-0.0022214805382966838,-0.013337329833009575,0.0897769480880562,0.3148120038906627,-0.0022838628218905966,0.4468000553364822,0.11772457902051466,0.1792626729266524,-0.006028129980965507,0.0,0.0,0.0,0.0,0.0,0.0,-1.1555861585624785,-1.2660990064535176,0.6164750593751628,-2.5021965728093845,0.74766768059682,1.4522167572647724,-0.10153841928049949,-0.00016302764703688238,0.0011069974090152348,-0.000474540588202773,-0.003132511056988373,-0.0013196433058958032,7.533915068153769e-05,0.0005930610229585569,0.0012263879179954529
1758245371695378582,19,684,422,35.0,1.227,-0.05962699608783844,-0.09869988471824422,1.1292769039564519,0.06022380828574515,0.05962613526085225,0.0017493597019173966,0.014709068564823454,-0.058862307915400404,0.31481193897968585,-0.002283772607659071,0.4468031143955379,0.11771926400364206,0.179272748294684,-0.006021580568697358,0.0,0.0,0.0,0.0,0.0,0.0,-1.155590144712003,-1.2661026487854539,0.6164781488649417,-2.5022012899256834,0.747664649445544,1.4522160126748287,-0.10153776407208298,0.0006147665838910687,0.0008413960533889746,0.0019370531233323424,-0.0012281066618840411,-0.00030501504817521816,-6.863902120550535e-05,-0.0010028434598854145,0.0012263879179954529
1758245371791684010,20,684,422,35.0,1.221,-0.05932043055525315,-0.098192430298099,1.1291872433705576,0.06053740783183385,0.06564652325436993,-0.0009310024134279684,0.0032563018783188396,0.0625134856730783,0.31481188539238386,-0.0022835673750071514,0.44680247761349373,0.1177243877230141,0.17926669351595212,-0.006025067662554107,0.0,0.0,0.0,0.0,0.0,0.0,-1.1555844735373884,-1.266099106989738,0.6164754205874707,-2.5021967328626817,0.7476641910965073,1.4522205870213527,-0.10154313329925634,-4.591527712902578e-05,-0.0014608959996022753,-0.00021197216400918183,-0.00028298552576375347,-0.0012219362540883748,-0.0001907754286443506,-0.0029799175060615524,0.0012181922793388367
1758245371893041500,21,684,422,35.0,1.226,-0.05957590183240755,-0.09861530898155334,1.1292619605254695,0.06027607487675994,0.06062953325977216,0.0007371646132102081,-0.002578328992498846,-0.0494979699536538,0.3148115599727667,-0.002283221436207417,0.4468034237780488,0.11772626089682016,0.17927165489276864,-0.006023969942904865,0.0,0.0,0.0,0.0,0.0,0.0,-1.1555807346735643,-1.266101878269035,0.6164788700010043,-2.5021951635781323,0.7476659957531969,1.4522151817107722,-0.10153917668213829,-0.0009513884806941553,-0.0002249231351516127,-0.0006935105016268952,0.0016081423245518163,-0.0007284035133714372,0.001402132610317134,0.0012846737217072084,0.0012181922793388367
1758245371995289837,22,684,422,35.0,1.223,-0.05942261906611492,-0.09836158177148074,1.1292171302325225,0.0604328746498043,0.06363972725653078,-0.0004384452037297751,0.0015335190541471285,0.029440028904906438,0.3148120720899698,-0.0022830888343456568,0.4468024657006841,0.1177339787325445,0.17926747965775516,-0.006021928288907316,0.0,0.0,0.0,0.0,0.0,0.0,-1.15558444644229,-1.266100162501407,0.6164732748551793,-2.5021931673569675,0.7476671841008476,1.4522165424192264,-0.10153766117559838,0.0005601738909765942,-0.0013424604920882505,0.00021459193950196874,-0.0008284308058639414,0.00018249744785555732,0.0005626531608986287,0.001051252960427621,0.0012263879179954529
1758245372008069222,23,684,422,35.0,1.223,-0.05942261906611492,-0.09836158177148074,1.1292171302325225,0.0604328746498043,0.06363972725653078,0.0,0.0,0.0,0.31481213938842667,-0.0022825582850688306,0.4467998211072782,0.1177324441362669,0.17926438669983244,-0.0060296380527124945,0.0,0.0,0.0,0.0,0.0,0.0,-1.1555844460654436,-1.2661035829116958,0.6164768895493883,-2.50219879939492,0.7476637011839448,1.4522191872286123,-0.10153718850452756,0.0009151764153282763,-8.92803666909858e-05,8.985887166225004e-05,-0.0006078793612657648,-0.0002708691416102317,0.00048290994444925156,0.0004229176597182633,0.0012263879179954529
1758245372105468462,24,684,422,35.0,1.227,-0.05962699608783844,-0.09869988471824422,1.1292769039564519,0.06022380828574515,0.05962613526085225,0.0006136980527712702,-0.0021464886590403043,-0.04120763155522079,0.31481193847643896,-0.002281708952939203,0.44680058780315357,0.11772997019463487,0.17926485555691934,-0.006026924045402829,0.0,0.0,0.0,0.0,0.0,0.0,-1.1555827335680988,-1.2661026380367602,0.6164781144213606,-2.5021984287400056,0.7476650591823216,1.452217549768066,-0.10153840365957606,0.0006918076790268988,0.0006003434237942383,0.0010723198814092145,4.427541072615456e-05,2.7834228060678163e-05,0.00022007447438591982,0.0004966002269134452,0.0012263879179954529
1758245372196155440,25,684,422,35.0,1.227,-0.05962699608783844,-0.09869988471824422,1.1292769039564519,0.06022380828574515,0.05962613526085225,0.0,0.0,0.0,0.3148125702420392,-0.00228264602842481,0.4468039631409219,0.1177327254234141,0.17927143396995687,-0.006024417876167901,0.0,0.0,0.0,0.0,0.0,0.0,-1.1555844460574145,-1.2660994475720682,0.6164768370775189,-2.502192720719522,0.7476675119763516,1.4522178636811085,-0.10153917689856266,0.0009674995043812279,-0.000511357266519698,-0.0009552412802806601,0.0006615417551460602,-0.0006290434827695539,0.0008511448639499895,0.000639111573699658,0.0012263879179954529
1758245372296588218,26,684,423,35.0,1.225,-0.05952480757697669,-0.10034319269788866,1.1291592251835016,0.05851899763254829,0.06157310197214705,-0.001171716796982493,-0.01697464400712749,0.01938576976626889,0.31481311621080166,-0.0022816924044226266,0.44680269394554284,0.11773203730793766,0.17926927535088455,-0.006020180441913339,0.0,0.0,0.0,0.0,0.0,0.0,-1.155586158600163,-1.26610555924527,0.6164781430297364,-2.502199418189365,0.7476641784976441,1.4522151686294789,-0.1015383798504305,-0.0007244325694119036,2.5396183247845458e-05,-0.0006324678560647716,0.00015693263052749603,0.0003973807410601513,-6.655529667939987e-05,-0.0006995072784488573,0.0012263879179954529
1758245372395916149,27,684,422,35.0,1.223,-0.05942261906611492,-0.09836158177148074,1.1292171302325225,0.0604328746498043,0.06363972725653078,0.0005829684403756701,0.01926826621663961,0.02080608408508708,0.31481247150772723,-0.0022818674115723508,0.4468033239465454,0.11773241660745916,0.17926845071407546,-0.006023002289966884,0.0,0.0,0.0,0.0,0.0,0.0,-1.1555861585624976,-1.266100059808082,0.6164799328043236,-2.502192886466165,0.7476641794680069,1.4522151294547365,-0.10153579155779173,0.0007892371045203311,-0.0002219387036376947,0.00020823012399504823,-0.0004814677742295203,0.0003420538345247223,-0.00018998062628045596,0.0015798260874942298,0.0012263879179954529
1758245372491804367,28,684,422,35.0,1.232,-0.059882467364992836,-0.09912276340169855,1.129351621111364,0.059962475330671235,0.05460914526625471,0.0014025798126880529,-0.004905705090202673,-0.09417822312931153,0.3148125575226399,-0.0022817775389045794,0.44680248363950115,0.11772790757404375,0.17926621170898766,-0.006023885882591861,0.0,0.0,0.0,0.0,0.0,0.0,-1.1555888992400423,-1.2661053424119122,0.6164752862067511,-2.502196954843801,0.7476641786584851,1.4522175111143978,-0.10154049337850218,-0.0004999756462090567,-0.0003529284221454636,0.00012352213513643724,-0.000550337453396068,0.0009153878091887199,-0.00020944327869679624,0.0007289852025564756,0.0012263879179954529
1758245372594574419,29,684,422,35.0,1.221,-0.05932043055525315,-0.098192430298099,1.1291872433705576,0.06053740783183385,0.06564652325436993,-0.0015994712234478875,0.005594358375556904,0.10739877788633614,0.3148113802220718,-0.002282248161121018,0.44680298763369514,0.1177298596949477,0.1792722968591443,-0.006019774094803781,0.0,0.0,0.0,0.0,0.0,0.0,-1.1555844462285885,-1.266100132691364,0.616477226329512,-2.5021966736224583,0.7476664111841319,1.4522160084756561,-0.10153143737452132,0.00014875487509482098,-0.00014255203962356729,0.0009663391968167558,-0.0006541455465463625,0.0001421041134910563,-0.000545890455084415,-0.0010112080174133587,0.0012263879179954529
1758245372693767499,30,684,422,35.0,1.22,-0.05926933629982228,-0.09810785456140812,1.1291722999395752,0.06058967442284864,0.06664992125328939,-0.0001506499342737005,0.0005269177145702898,0.010115604827670077,0.3148112257590723,-0.002283406790156794,0.4468005757763647,0.11772720049144302,0.1792679595971696,-0.006030934306414344,0.0,0.0,0.0,0.0,0.0,0.0,-1.1555864059621197,-1.2661035562801415,0.6164766426955123,-2.5021962434792036,0.7476660851944491,1.452215129384977,-0.10154094732298659,0.00033970156979446864,0.0007055958397951462,0.0009812056789252313,0.002188476669730863,-0.00019913861764932135,7.898244364566725e-05,0.00034880537107635594,0.0012181922793388367
1758245372794701850,31,684,422,35.0,1.226,-0.05957590183240755,-0.09861530898155334,1.1292619605254695,0.06027607487675994,0.06062953325977216,0.0008883059632910647,-0.003106965497689679,-0.05964657159699009,0.3148119823303631,-0.0022826984000326625,0.44680044354523213,0.11772656581571864,0.1792649428153833,-0.006030500049487372,0.0,0.0,0.0,0.0,0.0,0.0,-1.1555861585624785,-1.2661006924579672,0.6164772032727233,-2.50219450423038,0.7476675512022462,1.4522167528502865,-0.101536146426186,0.0011530631703196618,0.0005676516656601697,0.0003356545601628514,0.00026660543309997483,0.00035503684090720583,-0.0005563671608477993,5.2569437701173514e-05,0.0012181922793388367
1758245372895522599,32,684,422,35.0,1.226,-0.05957590183240755,-0.09861530898155334,1.1292619605254695,0.06027607487675994,0.06062953325977216,0.0,0.0,0.0,0.3148128688221177,-0.002280636173908029,0.4468033156183328,0.11773520130665263,0.17926900591274822,-0.00602125827369769,0.0,0.0,0.0,0.0,0.0,0.0,-1.1555864098868989,-1.2661015602201757,0.6164772032619312,-2.502191638095597,0.7476649399912015,1.4522185701065036,-0.10153406563100953,0.001280196063866276,0.0014802854787799235,-0.00038684574057114307,-0.0008218262800874092,-3.7467845340905036e-05,0.0004939282979318859,0.00029680333947955265,0.001234583556652069
1758245372995729972,33,684,422,35.0,1.23,-0.05978027885413109,-0.09895361192831682,1.129321734249399,0.06006700851270078,0.05661594126409364,0.0005965002588145251,-0.0020863371406728585,-0.04005286113705947,0.3148117645462873,-0.002282282244520887,0.446801642197657,0.11772964129285107,0.17926602840140574,-0.0060249873530832205,0.0,0.0,0.0,0.0,0.0,0.0,-1.1555861585624785,-1.2661035649132002,0.6164751438100572,-2.502197284069883,0.7476649362786655,1.4522205869974363,-0.10153989508682908,0.0008131566994512354,0.001658245094589113,-0.0011710717192711644,0.0004573449886713678,8.129613734383939e-05,0.00034199732573544006,0.00221755386673438,0.001234583556652069
1758245373094936399,34,684,422,35.0,1.228,-0.05967809034326932,-0.09878446045493507,1.1292918473874345,0.060171541694730366,0.05862273726193279,-0.00030125933236754696,0.001053693648593783,0.020228487795847645,0.3148122053916057,-0.0022804811140792716,0.44680323171072295,0.11773328418889781,0.17927028935799855,-0.006022635967985142,0.0,0.0,0.0,0.0,0.0,0.0,-1.1555861616149417,-1.266102637087904,0.6164788795654214,-2.502195162547466,0.7476641910944258,1.4522143717675255,-0.10154231559606029,0.00014104699800290303,6.965880072527453e-05,-0.0009026518822463804,-7.734828357902664e-05,-0.00022954879649797033,-0.0012846803800933403,0.000997402326040485,0.0012263879179954529
1758245373226791610,35,684,422,35.0,1.221,-0.05932043055525315,-0.098192430298099,1.1291872433705576,0.06053740783183385,0.06564652325436993,-0.0007933248605308546,0.0027747567527193727,0.053268929905524454,0.31481149720730395,-0.002281816695196216,0.4468017653789238,0.1177306180144486,0.17926647573976032,-0.006024817798612583,0.0,0.0,0.0,0.0,0.0,0.0,-1.155585435418182,-1.2661018524147307,0.616475429290607,-2.5021992762696508,0.7476671453453335,1.452215995288029,-0.10154155779790341,-0.0007595401388257372,0.00017361762833181463,-0.0009329095795095118,-0.0008313405276245602,6.547892569009668e-05,-0.0001245946222571266,-0.0012344862454361253,0.0012263879179954529
1758245373297710199,36,684,422,35.0,1.225,-0.05952480757697669,-0.09853073324486247,1.1292470170944873,0.06032834146777472,0.061632931258691404,0.0008428498757867793,-0.002947976926883456,-0.05659435773149015,0.31481234564145727,-0.0022826082389332016,0.4468038528094518,0.11772582839674788,0.17927101795153197,-0.006024575925144827,0.0,0.0,0.0,0.0,0.0,0.0,-1.1555827335680988,-1.2661018792498762,0.6164754193458989,-2.502194425331306,0.7476664954562031,1.452214842715147,-0.1015361870257765,-0.0007685787840464369,0.00021836896154344394,0.00011460044873330181,-0.0001651770090982777,3.075264085954712e-05,0.00048539681896437356,0.002811333098283331,0.0012181922793388367
1758245373393678161,37,684,422,35.0,1.227,-0.05962699608783844,-0.09869988471824422,1.1292769039564519,0.06022380828574515,0.05962613526085225,0.00031142541054054876,-0.0010892508275789884,-0.020911103622677226,0.31481226371159987,-0.0022816156372993824,0.446802585909382,0.11772987529871749,0.17926747042931024,-0.006022768616742643,0.0,0.0,0.0,0.0,0.0,0.0,-1.1555861585624287,-1.2661011014887504,0.6164789579775739,-2.502194420809151,0.7476656932566141,1.452218310236148,-0.10153737793801766,0.00023051551980893977,0.0009970809232227361,0.0003104739349941733,0.0013413165947269204,-0.0005327554006404811,0.0001540675288962783,-0.0019323720609766887,0.0012181922793388367
1758245373495187209,38,684,422,35.0,1.229,-0.05972918459870021,-0.09886903619162596,1.129306790818417,0.060119275103715564,0.057619339263013325,0.00029442559608118746,-0.0010297917682135066,-0.019769626820250824,0.3148120444719181,-0.0022820289682222166,0.44680154350293727,0.11772348638230024,0.17926548580354926,-0.006026586322846819,0.0,0.0,0.0,0.0,0.0,0.0,-1.1555881921283735,-1.2661018761493295,0.6164793093074736,-2.5021973877848054,0.747664937090944,1.452214371764867,-0.10153973137961969,0.00030044219354938127,-0.0017172931847924007,0.0007477555826875235,-0.0009964686637977298,-0.0006963092488358886,-0.00022504133145218692,0.0004355529577130373,0.0012263879179954529
1758245373594425617,39,684,422,35.0,1.227,-0.05962699608783844,-0.09869988471824422,1.1292769039564519,0.06022380828574515,0.05962613526085225,-0.00030116224723228,0.0010533540807062293,0.02022196887558825,0.3148123135707885,-0.002282097815700007,0.4468021663445864,0.11772994800322759,0.17926589210793278,-0.006024193294389548,0.0,0.0,0.0,0.0,0.0,0.0,-1.1555844461825304,-1.2660989913608265,0.6164754206233622,-2.5021962309222596,0.7476625937183106,1.4522156003352396,-0.10154231559405694,0.00012505227343345156,0.0002655553597511184,-0.00023682105997070103,0.0005259437924168863,3.8075709555648385e-05,-0.0005781114263462104,-0.0012358263658926935,0.0012263879179954529
1758245373697738184,40,684,422,35.0,1.225,-0.05952480757697669,-0.09853073324486247,1.1292470170944873,0.06032834146777472,0.061632931258691404,-0.0002892858326188893,0.0010118147778630736,0.019424510067968307,0.3148129243561572,-0.002282812534636877,0.44680200531193,0.117729699078449,0.17926648670593526,-0.0060202519320562056,0.0,0.0,0.0,0.0,0.0,0.0,-1.1555866804627268,-1.2660997069906532,0.6164789858852996,-2.502198292699103,0.7476641780126847,1.4522143775792904,-0.10153771799449587,-0.00015120378231439657,0.0003889826482207635,-0.0008185962340969858,0.001939685508587884,-0.0005701637161178625,4.047863655670333e-06,0.000995051903063394,0.0012099966406822205
1758245373790351649,41,684,422,35.0,1.225,-0.05952480757697669,-0.09853073324486247,1.1292470170944873,0.06032834146777472,0.061632931258691404,0.0,0.0,0.0,0.31481172854093076,-0.002281991357778461,0.4468013185281866,0.11772845630264489,0.17926575240904005,-0.006025233895949727,0.0,0.0,0.0,0.0,0.0,0.0,-1.1555851868308353,-1.2661015613573965,0.6164774372807097,-2.5021929223840185,0.7476692270514956,1.4522136141647322,-0.10153805972035813,0.0011047663250301648,0.0009572406558753625,-0.00014078660247051245,-0.001495305213987355,0.0004249889670250609,0.0007446362710123189,0.001647649948289628,0.0012099966406822205
1758245373892749714,42,684,422,35.0,1.229,-0.05972918459870021,-0.09886903619162596,1.129306790818417,0.060119275103715564,0.057619339263013325,0.0005837388033614079,-0.00204170229251069,-0.03919597499892287,0.31481262220576883,-0.0022823961451122177,0.44680200779259316,0.11773123954600968,0.17926590924163188,-0.006022296249463603,0.0,0.0,0.0,0.0,0.0,0.0,-1.1555861585624811,-1.2660981688275388,0.616477208996077,-2.502198310680714,0.7476656951860328,1.4522151293822902,-0.1015376616632784,0.0010510923909984257,-0.0005156657980240676,-0.0006193192876648787,0.00033359864767491245,0.0008845631432630471,0.0013151191855279693,0.000387948523684002,0.0012263879179954529
1758245373992606793,43,684,422,35.0,1.225,-0.05952480757697669,-0.09853073324486247,1.1292470170944873,0.06032834146777472,0.061632931258691404,-0.000598592754046247,0.0020936559145612365,0.04019336471556592,0.3148125127412543,-0.0022817878763769445,0.4468040109520166,0.11772694546829,0.17927049986852941,-0.0060192342964859495,0.0,0.0,0.0,0.0,0.0,0.0,-1.1555844475349895,-1.2661002599254627,0.6164786814888732,-2.5021951106870524,0.7476641780304817,1.4522183082973539,-0.10153427048017315,0.002119752869733274,-0.0006255919639008976,-0.000776899199957148,-0.00010433518000945048,-0.0006735155273445898,0.000688238628560827,0.002557762956270383,0.0012263879179954529
1758245374095357405,44,684,422,35.0,1.227,-0.05962699608783844,-0.09869988471824422,1.1292769039564519,0.06022380828574515,0.05962613526085225,0.00029086797034931315,-0.0010173485100951896,-0.019530744963729755,0.3148126115024986,-0.002281631282237196,0.4468030848612601,0.11772831043341478,0.179269889619265,-0.006022602955012836,0.0,0.0,0.0,0.0,0.0,0.0,-1.155585187888746,-1.266101852722339,0.6164789860350891,-2.502193379931906,0.7476673569268507,1.4522167659322742,-0.10153442841701575,0.0011737802112300453,-2.10620002111375e-05,-0.00040856520701068523,0.0012921680622462795,0.0018492028940547836,-0.0007181930502912638,0.0005270561052537299,0.0012263879179954529
1758245374193696239,45,684,422,35.0,1.223,-0.05942261906611492,-0.09836158177148074,1.1292171302325225,0.0604328746498043,0.06363972725653078,-0.0006078343773061374,0.0021259796924086444,0.04081390669812622,0.3148114602810718,-0.002283427728458669,0.4468025672652649,0.11772659284346673,0.17926792780299383,-0.006023522260963519,0.0,0.0,0.0,0.0,0.0,0.0,-1.1555861590542398,-1.2661001657355488,0.616476840152464,-2.5021908596250735,0.747668074982739,1.4522154328565464,-0.10153690404430968,-0.0009764561822999448,0.00017618745477652195,-0.0004301126917703367,0.001473318503410923,0.00013393328977974125,0.001856535121753463,0.0005130007942985045,0.0012263879179954529
1758245374293634652,46,684,422,35.0,1.227,-0.05962699608783844,-0.09869988471824422,1.1292769039564519,0.06022380828574515,0.05962613526085225,0.0005981055945865541,-0.0020919520110765093,-0.04016065369857857,0.3148122106470215,-0.0022835944339355168,0.4468031045033405,0.11772038634406069,0.17927252879450514,-0.006021809573105587,0.0,0.0,0.0,0.0,0.0,0.0,-1.1555862409787776,-1.2661018752165627,0.6164838623424366,-2.5021962353268608,0.7476656932486405,1.4522174604128406,-0.10154001356025878,-0.0007654605342128435,0.0004284294220453598,-0.00015669269986496182,0.000536289287781951,-0.0004957130433075544,4.708458132104433e-05,-8.458168131774356e-05,0.0012263879179954529
1758245374393698669,47,684,422,35.0,1.226,-0.05957590183240755,-0.09861530898155334,1.1292619605254695,0.06027607487675994,0.06062953325977216,-0.00014933870766357414,0.0005223315291728486,0.010027560645700524,0.31481246947606567,-0.0022816769941537904,0.4468012887325605,0.11772774403017197,0.17926602372227757,-0.006026232033544597,0.0,0.0,0.0,0.0,0.0,0.0,-1.1555883838026018,-1.266100140220292,0.6164754523477616,-2.50220053602831,0.7476641911121366,1.4522148819610772,-0.10153841052510561,3.019895344583987e-05,-0.0006555538694228119,-0.0002797646580188375,0.0009668961546619252,-0.0013531534831172642,0.0012811778543956528,0.0009118885830533897,0.0012263879179954529
1758245374491494336,48,684,422,35.0,1.222,-0.05937152481068403,-0.09827700603478987,1.1292021868015398,0.060485141240819086,0.06464312525545024,-0.0006112103507573976,0.0021377875980859635,0.041040591253169514,0.31481282079644995,-0.0022812331341250007,0.44680332462736205,0.11773352897520248,0.1792720971985718,-0.006027932476725069,0.0,0.0,0.0,0.0,0.0,0.0,-1.155590381583145,-1.2661000490141257,0.6164789849404735,-2.502196322832461,0.7476649356544776,1.4522159995988309,-0.10153598308301344,0.0003353742342113668,0.00045963125407844774,0.000255274211475356,-0.000615849926260883,-6.0501805568667046e-05,0.0010212193016894346,0.0009956804249791644,0.0012181922793388367
1758245374593992861,49,684,422,35.0,1.226,-0.05957590183240755,-0.09861530898155334,1.1292619605254695,0.06027607487675994,0.06062953325977216,0.0005831666741509076,-0.0020397011962771635,-0.03915755856660453,0.31481209094298124,-0.0022825733994405735,0.44680269479841317,0.11772676453724563,0.17926759296550712,-0.00602162843809603,0.0,0.0,0.0,0.0,0.0,0.0,-1.155582742725473,-1.2661018749981483,0.6164755072934992,-2.5021972202706575,0.7476624741092415,1.4522160012085696,-0.10154231560206178,-0.00044172881439116514,-0.0003246789701772751,-0.00046132418920254126,-0.0010093458168139557,-5.4376214660718206e-05,8.516415369107163e-05,-0.00035420299085866115,0.0012181922793388367
1758245374692762590,50,684,422,35.0,1.23,-0.05978027885413109,-0.09895361192831682,1.129321734249399,0.06006700851270078,0.05661594126409364,0.0006051826256364808,-0.0021167048464733424,-0.04063585104782987,0.31481307443179407,-0.002281709847042957,0.44680343047658105,0.11773156383127438,0.17927081238287035,-0.006023710023103162,0.0,0.0,0.0,0.0,0.0,0.0,-1.1555869003097896,-1.2661014430367201,0.6164754206116972,-2.502195938208621,0.7476645312440284,1.4522176727794696,-0.10153557916143761,0.0011408274892440017,0.0007131003953517849,-0.00027005855712867565,-0.0017251538024750553,-0.0004038439834623164,0.0027817445805242472,0.0012794182752389588,0.001234583556652069
1758245374793891891,51,684,422,35.0,1.223,-0.05942261906611492,-0.09836158177148074,1.1292171302325225,0.0604328746498043,0.06363972725653078,-0.0010343591406472724,0.003617805457821917,0.06945352062145804,0.3148118412672051,-0.0022835510919181072,0.4468021906098583,0.117729370367352,0.1792673167314993,-0.006022980561056778,0.0,0.0,0.0,0.0,0.0,0.0,-1.1555844460820393,-1.2661004922895926,0.6164754466241955,-2.5021992722545168,0.7476649351399776,1.452215129382956,-0.10154059857949603,0.0011031513012151636,0.0011066307582160335,0.0009012614270134513,-0.0003371110588010265,-0.00038124519480311954,-3.0261045737308293e-05,-0.0009576980068872872,0.001234583556652069
1758245374892639484,52,684,422,35.0,1.22,-0.05926933629982228,-0.09810785456140812,1.1291722999395752,0.06058967442284864,0.06664992125328939,-0.000453988715929691,0.0015878845071630552,0.030483720213399172,0.31481157351273037,-0.0022827090881006535,0.44680104610545435,0.11772861426913159,0.1792669953822075,-0.006026853391527033,0.0,0.0,0.0,0.0,0.0,0.0,-1.1555827335682538,-1.2661034769531336,0.6164772037006705,-2.502197196512907,0.7476656947021887,1.4522171060629963,-0.10153538442700673,-0.0011164916411036863,0.00039721342720690233,0.00025216853806973464,0.00019740349361055273,0.0005419140926902701,-0.000889312951921455,-9.143522645833809e-05,0.0012263879179954529
1758245374994409546,53,684,422,35.0,1.231,-0.05983137310956198,-0.09903818766500769,1.1293366776803815,0.06001474192168601,0.05561254326517395,0.0016151875863674233,-0.005649328396425979,-0.10845407550322057,0.3148127029372045,-0.002282764275999074,0.44680142528200795,0.11772698106583407,0.17926695900005013,-0.006025068543638933,0.0,0.0,0.0,0.0,0.0,0.0,-1.155586498670356,-1.2661018702983136,0.6164775468920014,-2.5021969451921913,0.7476647609749395,1.452214371764867,-0.10153300334228088,0.00047081387870555775,-0.0014485966745540974,0.00021881752092903196,0.000633196888972815,-0.0013764132651721505,-2.8662658991774606e-05,-7.062502378257664e-05,0.0012263879179954529
1758245375095730491,54,684,422,35.0,1.222,-0.05937152481068403,-0.09827700603478987,1.1292021868015398,0.060485141240819086,0.06464312525545024,-0.0013273748960953061,0.004642666125282166,0.08912848168042933,0.31481235284362624,-0.00228214880162975,0.4468024486611909,0.11773219871506334,0.17926706026068429,-0.006021784870355285,0.0,0.0,0.0,0.0,0.0,0.0,-1.1555844552226557,-1.2661035083136367,0.6164744666239138,-2.502197662994718,0.7476625545451314,1.4522175497143321,-0.10153538878408384,-0.0001803080318597778,0.001162814104753172,-0.0006005499103703342,0.0004071021351683506,0.0006618523823262662,-1.8592337667105324e-05,-0.001973579415416213,0.0012181922793388367
1758245375193737997,55,684,422,35.0,1.221,-0.05932043055525315,-0.098192430298099,1.1291872433705576,0.06053740783183385,0.06564652325436993,-0.0001524723114797337,0.0005332917155831627,0.010237970946018015,0.31481169271365655,-0.0022820365406213887,0.44680231632960454,0.11773200358117954,0.17926583458736975,-0.006024166307728191,0.0,0.0,0.0,0.0,0.0,0.0,-1.155582736633116,-1.2661018527416321,0.6164807740610543,-2.502196954392849,0.7476649356305508,1.452216754850238,-0.1015344679010087,0.0007381031040258428,-0.0011932335041676448,-0.00034023311309755346,0.0001801091697418546,-5.846869194683086e-05,0.0009347932675617762,-0.0001066846870200421,0.0012181922793388367
1758245375294673583,56,684,422,35.0,1.232,-0.059882467364992836,-0.09912276340169855,1.129351621111364,0.059962475330671235,0.05460914526625471,0.0016285410064022714,-0.005696033717608957,-0.10935070994797827,0.3148120781039061,-0.002281777837273718,0.4468025922166896,0.11773274051836029,0.17926974894623215,-0.006021440913054319,0.0,0.0,0.0,0.0,0.0,0.0,-1.1555869003091865,-1.2661035915966303,0.6164803737526439,-2.5021966504463844,0.7476669997835236,1.4522151293829553,-0.10153463167755501,0.0007285174131420822,0.00038781853402223144,-0.00015160911170149807,0.0007931322541181879,0.0007481503398511506,0.0002881410901881998,-0.00022053503726447552,0.0012263879179954529
1758245375391792168,57,684,422,35.0,1.23,-0.05978027885413109,-0.09895361192831682,1.129321734249399,0.06006700851270078,0.05661594126409364,-0.0003077357641157131,0.0010763458099142208,0.020663357047870173,0.31481374925592226,-0.002280630865950487,0.4468051718250565,0.11773903590136654,0.17927615078014034,-0.006016084354152928,0.0,0.0,0.0,0.0,0.0,0.0,-1.1555827427426792,-1.2660996274081797,0.6164799219353165,-2.5021926381648893,0.747665698572488,1.4522151484408352,-0.10154086060951098,-0.00013867637885950948,0.00048425371325912226,-0.000467361279366723,-0.000798170449509962,-0.00011383069737028802,0.0001438964559067206,-0.0007747841464818525,0.0012263879179954529
1758245375495026548,58,684,422,35.0,1.223,-0.05942261906611492,-0.09836158177148074,1.1292171302325225,0.0604328746498043,0.06363972725653078,-0.0010132672553137758,0.0035440338490289325,0.06803727588073989,0.31481169239475215,-0.0022812332691265307,0.4468014258768378,0.1177366502381309,0.17926480027192054,-0.0060225574469543255,0.0,0.0,0.0,0.0,0.0,0.0,-1.155583475327506,-1.2661018763012561,0.6164782736975153,-2.5021944299600047,0.7476641780124619,1.4522183083059859,-0.10153993890455545,-0.0002274010327520655,0.0015550769181550783,-0.0011817124184492537,-0.000223888886858444,0.001432364154464082,0.0009131858257455366,0.0011526227430228887,0.0012263879179954529
1758245375598964291,59,684,422,35.0,1.228,-0.05967809034326932,-0.09878446045493507,1.1292918473874345,0.060171541694730366,0.05862273726193279,0.000718864512115003,-0.00251432201172516,-0.04826918354959841,0.31481320998870294,-0.0022822129128518636,0.4468017351606292,0.11773289491467238,0.17926714928986345,-0.006018571354021295,0.0,0.0,0.0,0.0,0.0,0.0,-1.15558741418259,-1.2661016143400436,0.6164789975305177,-2.5021926504710215,0.747669291921598,1.452216014289857,-0.10153463184009473,-0.001883538224407195,-0.0008358567103124153,0.0008024132195472151,0.0010700010484176949,0.00262569123150588,0.0003294335901867192,0.0009857161114666451,0.0012263879179954529
1758245375693588199,60,684,422,35.0,1.225,-0.05952480757697669,-0.09853073324486247,1.1292470170944873,0.06032834146777472,0.061632931258691404,-0.00047377342465307755,0.0016570840959597316,0.031812192715171037,0.31481210648434027,-0.002283006051349905,0.4468020118135772,0.11773263389704106,0.17926763276811344,-0.00602637703737316,0.0,0.0,0.0,0.0,0.0,0.0,-1.1555861616149856,-1.2661008196101005,0.6164771939699444,-2.502192886418407,0.7476649370841002,1.4522159952381914,-0.10153856408374369,-0.0004021702417122354,0.0009001997147342147,-0.000428536233560363,-0.001629378962888989,0.00013768361009304324,-0.0003926538059232189,0.0004917651055372466,0.0012263879179954529
1758245375797994239,61,684,422,35.0,1.225,-0.05952480757697669,-0.09853073324486247,1.1292470170944873,0.06032834146777472,0.061632931258691404,0.0,0.0,0.0,0.3148126199075778,-0.002281274347960075,0.4468034560962859,0.11773285551020472,0.17927336944659028,-0.0060255116967547475,0.0,0.0,0.0,0.0,0.0,0.0,-1.1555844460778502,-1.2661018436019116,0.6164754997635808,-2.5021908590557205,0.7476657455764475,1.4522191741465864,-0.10153387357194678,-0.0008838877470721486,0.0002879181093973502,0.0013087597556289648,-0.00011342524471731719,0.0006627065732544655,0.0004127949494879567,-0.000893803877057319,0.0012263879179954529
1758245375894886646,62,684,422,35.0,1.227,-0.05962699608783844,-0.09869988471824422,1.1292769039564519,0.06022380828574515,0.05962613526085225,0.0003084541182322964,-0.001078858346759503,-0.02071159196033958,0.3148129556523124,-0.0022814701450519863,0.44680239872554806,0.11772828240644483,0.1792654400259756,-0.006022054327871465,0.0,0.0,0.0,0.0,0.0,0.0,-1.1555861585752027,-1.2660976765670988,0.6164769441599073,-2.5021982836715484,0.7476649356785511,1.4522197211481822,-0.1015376616623867,-0.0001077476414953068,-0.0010901140503700617,-0.0017981362937338644,0.0005874467508985688,0.0008804006452395306,0.0012248015013536894,0.0008873587373023649,0.0012263879179954529
1758245375993834745,63,684,422,35.0,1.23,-0.05978027885413109,-0.09895361192831682,1.129321734249399,0.06006700851270078,0.05661594126409364,0.00045306876433490396,-0.0015846668569587245,-0.030421948750714398,0.3148121916702129,-0.0022829381443440146,0.44680227359375696,0.11772030391410343,0.17926747225770184,-0.006029652630510187,0.0,0.0,0.0,0.0,0.0,0.0,-1.1555883839156096,-1.2661026023139732,0.6164753941327887,-2.5021918720963203,0.7476687472263344,1.4522159952322038,-0.10153609382907636,-0.0008990793937891221,-0.0002574106269629101,0.0010639367231432282,0.00021821920557844583,0.00011129980264397888,-0.001600721832863295,0.0006745259624590991,0.0012263879179954529
1758245376096111425,64,684,422,35.0,1.226,-0.05957590183240755,-0.09861530898155334,1.1292619605254695,0.06027607487675994,0.06062953325977216,-0.0005844316019020529,0.002044125445401226,0.039242493945624,0.31481155044019565,-0.002281585026037817,0.44680210670771164,0.11773045931542098,0.17926663927316952,-0.006025118974137192,0.0,0.0,0.0,0.0,0.0,0.0,-1.1555881568150972,-1.2661035877703444,0.6164830922367712,-2.5021944211524985,0.7476649357375482,1.4522151300534702,-0.10154313330125993,0.0001865575164575639,0.00017996685969784784,0.0001628235116611923,8.647567359952639e-05,0.0007160895973732665,0.0009695273470151842,-0.00012622435296907083,0.0012181922793388367
1758245376196549157,65,684,422,35.0,1.227,-0.05962699608783844,-0.09869988471824422,1.1292769039564519,0.06022380828574515,0.05962613526085225,0.00014878303885242962,-0.0005203880053244126,-0.009990249470387366,0.31481235640555766,-0.002282847897938717,0.44680057356536207,0.11772663661561596,0.17926445135207675,-0.006027038692489369,0.0,0.0,0.0,0.0,0.0,0.0,-1.1555883868550054,-1.266102760714588,0.616480700580104,-2.502201262893246,0.7476650926139773,1.452215129382955,-0.10153917544087404,0.0003507545119316969,0.0004521019405235794,0.00030742315750356436,0.0010129842584159219,-0.0005584396982708283,-0.0006284923877871971,0.00043381467888284537,0.0012181922793388367
1758245376294455158,66,684,422,35.0,1.225,-0.05952480757697669,-0.09853073324486247,1.1292470170944873,0.06032834146777472,0.061632931258691404,-0.00030526077726930937,0.0010676892219259257,0.02049717052419647,0.3148119712767371,-0.0022819423059917965,0.4468020455591144,0.11772892331019134,0.17926759005398696,-0.006021403175970301,0.0,0.0,0.0,0.0,0.0,0.0,-1.155584446115535,-1.2660989387046009,0.6164774371671462,-2.5021974152554667,0.7476641778428819,1.4522186108019093,-0.10153993581672617,0.00021530524981283302,0.001079080701994734,0.0016873946326640492,8.372404082997989e-05,0.0005071238199699032,0.0015542022367898217,0.0001389457595208845,0.0012181922793388367
1758245376393538043,67,684,422,35.0,1.225,-0.05952480757697669,-0.09853073324486247,1.1292470170944873,0.06032834146777472,0.061632931258691404,0.0,0.0,0.0,0.3148113450709999,-0.0022825970537646203,0.44680283618066396,0.11772437372202815,0.17926841452080092,-0.006023032203454191,0.0,0.0,0.0,0.0,0.0,0.0,-1.1555854350608759,-1.2661046346782807,0.6164754209493989,-2.5021993088416004,0.7476633116706273,1.4522167528691177,-0.10154049337870005,-0.0010595996595509256,0.0014590090873887812,9.212670166471124e-05,-0.00044784809038218496,-0.00016366968138548598,0.0003659636476399792,0.0018071963037926434,0.0012181922793388367
1758245376493623086,68,684,422,35.0,1.229,-0.05972918459870021,-0.09886903619162596,1.129306790818417,0.060119275103715564,0.057619339263013325,0.0005972293375507033,-0.0020888871882600744,-0.04010181616925597,0.3148117060150234,-0.002281900397433883,0.44680307906268324,0.11772748708901153,0.1792695146039798,-0.006024249587322481,0.0,0.0,0.0,0.0,0.0,0.0,-1.155588156488428,-1.2661001638095857,0.6164810656665884,-2.5021928976124665,0.7476631044747591,1.4522167534963333,-0.10153524419846319,0.0007287844366462066,-0.0005926937598664989,-0.00032317710139386576,-0.0001664334578789275,-0.0016634674837140262,-0.001306661252998517,-0.0025122030648530823,0.0012263879179954529
1758245376592648960,69,684,422,35.0,1.225,-0.05952480757697669,-0.09853073324486247,1.1292470170944873,0.06032834146777472,0.061632931258691404,-0.0006036172316906151,0.0021112296778027792,0.04053074043737376,0.31481198232465923,-0.002281910010383183,0.4468013157552574,0.11773194514236701,0.17926729685994602,-0.006023122928179439,0.0,0.0,0.0,0.0,0.0,0.0,-1.1555827250769426,-1.2661035118366997,0.6164772812751897,-2.5021985114973297,0.7476648169055536,1.452214489502437,-0.10153459127342525,-0.0004422953132917154,-0.0009979659261702373,0.0006492677469036857,0.0003096747016946262,0.0002898565180948362,0.0005521608511741585,-0.0019499392711120791,0.0012263879179954529
1758245376695685508,70,684,422,35.0,1.229,-0.05972918459870021,-0.09886903619162596,1.129306790818417,0.060119275103715564,0.057619339263013325,0.0005801215693835517,-0.0020290505467939262,-0.03895309066136492,0.3148130290674585,-0.002280660452889444,0.44680184005329093,0.11773571850469015,0.17926549146803938,-0.006025583856229054,0.0,0.0,0.0,0.0,0.0,0.0,-1.1555861587262437,-1.2661055892848598,0.6164754206224697,-2.502195617734363,0.7476634298990658,1.4522159952341924,-0.10153463126226366,0.0012061759370953125,0.0010462302743634334,-0.0008510666288830866,0.0011166512489388205,0.00028900000690206624,-0.0002771259552332698,-0.0012788963556250176,0.0012181922793388367
1758245376794032263,71,684,423,35.0,1.23,-0.05978027885413109,-0.10077385017727875,1.129233565549096,0.05824989925328882,0.05655585519949535,-0.0007445621293856062,-0.01900800743681622,-0.010813616204398123,0.31481130934651863,-0.0022834122647001913,0.4468011772268056,0.11772349167882627,0.1792650844927915,-0.006024906865457225,0.0,0.0,0.0,0.0,0.0,0.0,-1.1555898730429968,-1.2660979375877361,0.6164832526120253,-2.502198465659008,0.747664935630559,1.4522161890210843,-0.10153766018399832,0.0005499054198404749,0.0001644484978330882,0.0004903652625927272,0.000682300665994354,-0.0016097186933296233,0.0006813013494206138,0.0004479278318081437,0.0012181922793388367
1758245376897026881,72,684,422,35.0,1.224,-0.059473713321545794,-0.09844615750817161,1.1292320736635049,0.060380608058789496,0.06263632925761131,-1.4485083007590323e-05,0.020687574233254354,0.05903681353637293,0.3148113332829143,-0.0022814751922075973,0.4468025385454579,0.11773316625658165,0.17926486965963195,-0.006020726483470529,0.0,0.0,0.0,0.0,0.0,0.0,-1.1555881554947207,-1.2661010575946152,0.6164789859335251,-2.5021962044775634,0.7476641736510646,1.4522136141647979,-0.10153841927780378,0.001171761767173855,-0.0009281331917235076,-0.0010429584077411055,-8.374204702432558e-05,0.00124693240525497,0.0005996518106793832,0.0014928324426120923,0.0012181922793388367
1758245376999565864,73,684,422,35.0,1.223,-0.05942261906611492,-0.09836158177148074,1.1292171302325225,0.0604328746498043,0.06363972725653078,-0.0001457341446657991,0.0005097241018550164,0.009785527119178314,0.3148117116450555,-0.002284482069959153,0.44680152632267245,0.11772789320503345,0.17927065329496858,-0.0060245274283954675,0.0,0.0,0.0,0.0,0.0,0.0,-1.1555881564930823,-1.2661026076556217,0.616481065569685,-2.502192464504314,0.7476673569046184,1.4522144168249245,-0.10153236857804512,-0.0011546115195731192,-0.00023491059767261096,-0.0005926778475619965,-3.975430746049043e-05,-0.00033397596641789837,-0.00014732222857403554,0.0005561066984225683,0.0012181922793388367
1758245377094542346,74,684,422,35.0,1.225,-0.05952480757697669,-0.09853073324486247,1.1292470170944873,0.06032834146777472,0.061632931258691404,0.0003146764476369195,-0.0011006217521257087,-0.021129399147879285,0.31481190935036196,-0.0022841613034241754,0.44679974461782135,0.11772493877375015,0.17926650804361713,-0.0060294968213610075,0.0,0.0,0.0,0.0,0.0,0.0,-1.1555827335680988,-1.2661055013212872,0.6164789859222217,-2.502197233254177,0.7476648164213597,1.4522160015849812,-0.10153841922629644,0.0006116703916433459,-0.00019757109446850608,0.0012438753726959817,0.0008939104259080644,-0.00034257882039356483,-0.0007445698132660059,-0.0008327732404887899,0.0012099966406822205
1758245377195795008,75,684,422,35.0,1.231,-0.05983137310956198,-0.09903818766500769,1.1293366776803815,0.06001474192168601,0.05561254326517395,0.0008855133694580143,-0.0030971980380003605,-0.05945905889879173,0.31481261022429763,-0.0022811329300484505,0.44680166498638496,0.11773016217444393,0.17926755994909066,-0.006022232052676089,0.0,0.0,0.0,0.0,0.0,0.0,-1.155584446077875,-1.266100166264487,0.6164810666417205,-2.502194420798663,0.7476649370843226,1.45221438920747,-0.10153446779274992,0.000493807658499495,-0.0012096683141892834,-0.000891085506126011,-0.00019429382224009475,0.00013630035377747962,0.0009308276005418423,0.0022461000446140746,0.0012099966406822205
1758245377292639487,76,684,422,35.0,1.224,-0.059473713321545794,-0.09844615750817161,1.1292320736635049,0.060380608058789496,0.06263632925761131,-0.001080123698911317,0.003777872945173134,0.07252644719620371,0.31481211694820155,-0.0022831028723662916,0.44680130714482524,0.11772730580192539,0.17926766919643713,-0.006022712571517734,0.0,0.0,0.0,0.0,0.0,0.0,-1.1555844460652887,-1.266101870407727,0.6164787475029079,-2.5021947794038635,0.7476649501661271,1.4522165054284086,-0.10154081353541627,0.00011406510653178602,0.0004724699278643215,0.0011157803971197314,-8.650666788901468e-05,0.0008779225008107351,1.9971956918248673e-05,-0.0017161975667251686,0.0012263879179954529
1758245377392436480,77,684,422,35.0,1.225,-0.05952480757697669,-0.09853073324486247,1.1292470170944873,0.06032834146777472,0.061632931258691404,0.0001497382890324753,-0.0005237291169161183,-0.010054391106953576,0.3148114811015471,-0.0022836235609632488,0.44680017606628347,0.117730214681688,0.1792663111165733,-0.006028673522762801,0.0,0.0,0.0,0.0,0.0,0.0,-1.155586158580847,-1.2661054748668206,0.6164753411145452,-2.5021984653317872,0.7476663484833838,1.4522145287482935,-0.1015432512618565,-0.00010486781261450062,2.482027558219882e-05,0.00019578561018460545,-0.00015683745357031868,0.0004947299911005111,0.00042926326838813185,-0.0005756533119709345,0.0012263879179954529
1758245377493677113,78,684,422,35.0,1.228,-0.05967809034326932,-0.09878446045493507,1.1292918473874345,0.060171541694730366,0.05862273726193279,0.0004428092912775224,-0.0015487830172333753,-0.029733061791095423,0.31481134465191746,-0.0022823769499311143,0.4468020894768915,0.11772752453550883,0.17926987664530983,-0.00602651231427329,0.0,0.0,0.0,0.0,0.0,0.0,-1.155584446065289,-1.2661026380716922,0.6164810392947454,-2.5021983697057806,0.747665680003162,1.45221286282741,-0.1015374047641703,-0.0007141734267207444,0.00020455630899339706,-0.0010242935701642681,-0.00029720646049032724,0.000620745089781845,-0.0002490300903601621,0.0009164381069964006,0.0012181922793388367
1758245377594842873,79,684,422,35.0,1.225,-0.05952480757697669,-0.09853073324486247,1.1292470170944873,0.06032834146777472,0.061632931258691404,-0.0004431370154014337,0.0015499292749281658,0.02975506729508694,0.3148121383893614,-0.0022820527172591914,0.44680165406382016,0.11773232788356558,0.17926612644482554,-0.006030069378010851,0.0,0.0,0.0,0.0,0.0,0.0,-1.155584423983903,-1.2661008343292244,0.6164789859157822,-2.502192674896295,0.7476649356132674,1.452216713658268,-0.10153917688053621,-0.0005530151719879229,-0.0012695408547836553,0.0009437615142715097,0.0003698874797947028,0.00030205148838687956,0.0005377069877866112,-0.0007254057752934029,0.0012181922793388367
1758245377692775432,80,684,422,35.0,1.224,-0.059473713321545794,-0.09844615750817161,1.1292320736635049,0.060380608058789496,0.06263632925761131,-0.00015258899731606027,0.0005336998394453681,0.010245805982869376,0.31481222675608606,-0.0022824746788845714,0.446801714790675,0.11772901281284556,0.17927201599265397,-0.006027976279701647,0.0,0.0,0.0,0.0,0.0,0.0,-1.155588156513551,-1.2660980199925536,0.6164769710828303,-2.5021985507982407,0.747663325909114,1.4522167528502865,-0.10154146027769358,-0.0007257454098530145,-0.000891322358249411,0.000501850432887356,0.000674880694746059,0.0007552133756865328,-0.0009299594192353168,9.662582701156549e-05,0.0012263879179954529
1758245377893039800,81,684,422,35.0,1.227,-0.05962699608783844,-0.09869988471824422,1.1292769039564519,0.06022380828574515,0.05962613526085225,0.0002238555634969257,-0.000782963912204007,-0.015031101272888737,0.31481217375644177,-0.002280735614372705,0.4468032264754325,0.1177387492647456,0.1792668499930284,-0.006017896997263501,0.0,0.0,0.0,0.0,0.0,0.0,-1.1555827335848474,-1.2661017997773716,0.6164772032722764,-2.5021954465365615,0.7476649356306492,1.4522184260355775,-0.10153463135254975,-0.0008978401101993759,-0.001409486875029412,-5.447349102059509e-05,-0.00032355999297155433,-0.0003165438029303575,0.002272868229314562,0.0010722476289296865,0.0012263879179954529
1758245377907150541,82,684,422,35.0,1.221,-0.05932043055525315,-0.098192430298099,1.1291872433705576,0.06053740783183385,0.06564652325436993,-0.0063540664444350185,0.022224172783605042,0.42665285923096974,0.31481238183349036,-0.0022813382798574206,0.4468025062940405,0.11773856757866834,0.17926769382004154,-0.006020399355791678,0.0,0.0,0.0,0.0,0.0,0.0,-1.1555845288212827,-1.2660980209489703,0.6164772033083195,-2.502199504184374,0.7476641838818202,1.4522151424676641,-0.10153304770139161,-0.0007554409895818437,-0.001078533607397327,0.0006942547212611236,-0.0005561738465965433,0.0010475458268319896,-0.000729115849410084,-0.0009197010348420508,0.0012181922793388367
1758245377993750292,83,684,422,35.0,1.225,-0.05952480757697669,-0.09853073324486247,1.1292470170944873,0.06032834146777472,0.061632931258691404,0.0006902297436123535,-0.002414168189226443,-0.04634646115412644,0.31481240627155715,-0.0022825147156584663,0.4468021592862823,0.1177305165362806,0.17926623229821628,-0.006023132798196683,0.0,0.0,0.0,0.0,0.0,0.0,-1.1555861585624787,-1.2661053126504043,0.6164761216488147,-2.5021964547769544,0.747668753187023,1.452215484049215,-0.10153882154338038,0.00043644275642592645,8.201343161373372e-05,0.0029063979500561733,0.00021099592231933143,0.002023429153517252,0.0018787438925019573,0.0020117965277457583,0.0012181922793388367
1758245378092315392,84,684,422,35.0,1.23,-0.05978027885413109,-0.09895361192831682,1.129321734249399,0.06006700851270078,0.05661594126409364,0.0007580487912233389,-0.002651374117957975,-0.050900267889930254,0.3148128704993144,-0.002282199837081584,0.44680219201386007,0.11772808798660875,0.17926882588295032,-0.0060241413140367335,0.0,0.0,0.0,0.0,0.0,0.0,-1.1555861616274956,-1.2661015343833226,0.6164775441302063,-2.5021944310218402,0.747662172438182,1.4522170548703532,-0.10153432419425897,-0.0031929437626900055,-0.0005840053188570981,0.0010914264164009796,-0.0002846796984883451,-0.00016141194101178702,-0.0029283008424540323,-0.00031211172922430367,0.0012181922793388367
1758245378195302635,85,684,422,35.0,1.222,-0.05937152481068403,-0.09827700603478987,1.1292021868015398,0.060485141240819086,0.06464312525545024,-0.0011607986035634269,0.004060043903867816,0.077943478799181,0.3148126490282672,-0.002281919020002817,0.44680227310715465,0.11773549392237091,0.17926528648200746,-0.006025873716436959,0.0,0.0,0.0,0.0,0.0,0.0,-1.1555871475705832,-1.2661018437830016,0.6164809862016737,-2.5021944218160943,0.7476648164212611,1.4522163484449082,-0.1015380170817114,-0.00035480707859918397,-0.00010550097919988965,0.00032768898478755003,0.00047950112967985964,0.00047433234567953746,5.312393180964862e-05,0.0007410649747549962,0.0012181922793388367
1758245378295582518,86,684,422,35.0,1.225,-0.05952480757697669,-0.09853073324486247,1.1292470170944873,0.06032834146777472,0.061632931258691404,0.0004470517077432149,-0.001563621419904965,-0.030017924898843733,0.3148118619711847,-0.0022823399483311723,0.4468030449537523,0.11773119305203539,0.17927079000051174,-0.006025026492287464,0.0,0.0,0.0,0.0,0.0,0.0,-1.1555861585624785,-1.2661034350506661,0.6164810391878732,-2.5021952005293917,0.7476641780124628,1.4522167528502865,-0.10154079596677647,3.688486412623589e-05,0.00038323849358153626,0.0004621533106029909,0.0005165996044997367,-0.0005068556702096477,-0.0005096470063634665,0.000961602289074917,0.0012181922793388367
1758245378395366344,87,684,422,35.0,1.227,-0.05962699608783844,-0.09869988471824422,1.1292769039564519,0.06022380828574515,0.05962613526085225,0.00029951609557033604,-0.0010475964514486435,-0.020111435673343996,0.31481233354643695,-0.0022820164084002593,0.4468037836101712,0.11773099730042796,0.17927028303979764,-0.006018344757552796,0.0,0.0,0.0,0.0,0.0,0.0,-1.155591135672468,-1.2661035650976318,0.616479113961243,-2.5021926666930896,0.747665693091096,1.4522144110167052,-0.10154036523878966,-0.0004102090630762591,-0.00027231171972576045,-0.0001495638916799318,0.0006272880488923247,0.0001548745859980167,-0.00021650230109694987,0.001095025393754176,0.0012181922793388367
1758245378495677378,88,684,422,35.0,1.224,-0.059473713321545794,-0.09844615750817161,1.1292320736635049,0.060380608058789496,0.06263632925761131,-0.00044691287846754425,0.0015631358464946435,0.03000860300930662,0.3148116945028583,-0.0022829414809671005,0.44680183490238673,0.11772886923032796,0.17926648482094273,-0.006023535648737405,0.0,0.0,0.0,0.0,0.0,0.0,-1.1555861860722627,-1.2661035917472216,0.61647574403869,-2.502195221925577,0.747664935630624,1.4522136010648594,-0.10154383083824599,-4.254970878790474e-05,0.00015954800900915087,0.0011879848068579698,-0.0005603856104410886,9.834173231042156e-06,0.0011353989424283712,-0.0013582534371762338,0.001234583556652069
1758245378594398205,89,684,422,35.0,1.227,-0.05962699608783844,-0.09869988471824422,1.1292769039564519,0.06022380828574515,0.05962613526085225,0.000454111805070228,-0.001588315027429247,-0.03049198520955521,0.3148122798242185,-0.0022813347131143582,0.4468021674175614,0.11773219976776987,0.1792693181919885,-0.006021494926719437,0.0,0.0,0.0,0.0,0.0,0.0,-1.1555861586755323,-1.266099733482953,0.6164772028362095,-2.5021944578968855,0.7476656930851225,1.4522143722493919,-0.10154230976061773,0.0007751647859263351,0.0006472742039324918,0.0005556282912336512,-0.00019599139929215312,-0.0006257909555600165,-0.0013873157377077238,0.0023883255803495516,0.001234583556652069
1758245378695781541,90,684,422,35.0,1.229,-0.05972918459870021,-0.09886903619162596,1.129306790818417,0.060119275103715564,0.057619339263013325,0.0002947906741304495,-0.0010310686761144821,-0.019794140506867206,0.3148109058572769,-0.0022820495448261694,0.4468008165555846,0.11772411742359838,0.17926803444809716,-0.006025918232786346,0.0,0.0,0.0,0.0,0.0,0.0,-1.1555861585626586,-1.2661007302882574,0.616480827223784,-2.5021927617218513,0.7476650882012535,1.4522171060630946,-0.10153882641807219,-0.00013939016540367587,0.001237230282454923,-0.0003845047690416583,-0.0012226904967801056,-0.0006410571209764715,-0.0003028371932459624,0.0024787328938255847,0.0012181922793388367
1758245378800678757,91,684,422,35.0,1.226,-0.05957590183240755,-0.09861530898155334,1.1292619605254695,0.06027607487675994,0.06062953325977216,-0.00042737352483634825,0.0014947944189898962,0.02869660522505036,0.31481125252394127,-0.0022829196782447854,0.44680224016349557,0.11772442782153782,0.17926792852747764,-0.00602368048033455,0.0,0.0,0.0,0.0,0.0,0.0,-1.155582843456505,-1.2661055896607585,0.6164770943734685,-2.5021911149953793,0.7476645312251728,1.4522159952501434,-0.1015350811719661,0.00041343036645203327,0.0006349017513179111,4.874107645427985e-05,0.0013949327323812244,-0.000275841875483,0.0003576752422524491,0.00013217202809809726,0.0012181922793388367
1758245378898501641,92,684,422,35.0,1.231,-0.05983137310956198,-0.09903818766500769,1.1293366776803815,0.06001474192168601,0.05561254326517395,0.0007638003691654559,-0.002671491008933377,-0.051286465798720565,0.31481277875471225,-0.0022811381788070922,0.44680230054900105,0.11773264403553939,0.17926834153850948,-0.006023350759353493,0.0,0.0,0.0,0.0,0.0,0.0,-1.1555844470827739,-1.266098779646746,0.6164789180089044,-2.5021908569061204,0.7476643354804033,1.4522171060649902,-0.10153498514996026,-0.00038722035034166873,-0.0005003882919599376,0.001405435039783905,0.0025869025772413084,-3.4977596200014705e-05,5.0483566124492714e-05,-0.000894974454292448,0.0012263879179954529
1758245378999304597,93,684,423,35.0,1.223,-0.05942261906611492,-0.10017092970613263,1.1291294890372636,0.05862663698425207,0.06358000068120773,-0.002055382613163264,-0.013770478491066643,0.0790399183932044,0.3148115184874315,-0.002283276314477502,0.4468030751206197,0.11772379246322402,0.17927286117820407,-0.006025940703463257,0.0,0.0,0.0,0.0,0.0,0.0,-1.1555862684508769,-1.266101445943713,0.6164768584421532,-2.5021893409210345,0.7476625545451314,1.4522175104863193,-0.10153463119003477,0.0007162668018456373,0.0009301340538187607,-0.0018115717336491173,0.0009366366306988074,-0.00061879164004477,-0.0008789133648344745,0.0012630245996632533,0.0012263879179954529
1758245379097932928,94,684,422,35.0,1.221,-0.05932043055525315,-0.098192430298099,1.1291872433705576,0.06053740783183385,0.06564652325436993,0.0005855754904138494,0.019373448057047438,0.020952626412812352,0.3148121221229525,-0.002282114168344158,0.44680338488460414,0.11772666250485002,0.17926975437771525,-0.006019982263075213,0.0,0.0,0.0,0.0,0.0,0.0,-1.1555852152841304,-1.2661018792497827,0.6164754206473648,-2.5021969757451994,0.7476656933204928,1.4522140807443862,-0.10153508003639004,-1.5197433968932835e-05,0.0010818909068000537,-0.00011747918936335612,-0.0002998476249755215,-0.0002526870298173532,0.00036054027635284936,0.0011989347227621262,0.0012263879179954529
1758245379195616751,95,684,422,35.0,1.225,-0.05952480757697669,-0.09853073324486247,1.1292470170944873,0.06032834146777472,0.061632931258691404,0.0006119101617227211,-0.0021402352778425848,-0.041087581059133224,0.31481214992789247,-0.002280984445579529,0.446800991842907,0.11773507728856336,0.17926506853874313,-0.006026260382034762,0.0,0.0,0.0,0.0,0.0,0.0,-1.1555844474224013,-1.2661048655747038,0.6164789900998208,-2.5021982862552514,0.7476648958947886,1.4522167509199735,-0.10153458730700515,-0.0005849357987853189,-0.0003444238045468365,-0.00018325693044658108,-0.00052881138343314,0.0006420040446004973,-0.0007672477779713143,-0.0014983361713015839,0.0012263879179954529
1758245379291731295,96,684,422,35.0,1.226,-0.05957590183240755,-0.09861530898155334,1.1292619605254695,0.06027607487675994,0.06062953325977216,0.00015547523153399,-0.0005437948185529651,-0.01043960629849362,0.31481240396840493,-0.0022828641499965034,0.4468015883094405,0.11772640151581895,0.17926669154404784,-0.006025882523637696,0.0,0.0,0.0,0.0,0.0,0.0,-1.1555844582751107,-1.2661018792459722,0.6164769648541495,-2.502192638599898,0.7476684165643072,1.452215484049215,-0.10153754337289718,-0.000807385722440731,-0.0013883742153318781,-0.001316632766426028,0.0012271294042152635,0.0017729029509875004,0.00021686850787023252,-0.00015543509172414203,0.0012263879179954529
1758245379392810966,97,684,422,35.0,1.225,-0.05952480757697669,-0.09853073324486247,1.1292470170944873,0.06032834146777472,0.061632931258691404,-0.00014783814425141798,0.0005170831137230451,0.009926803174094641,0.3148129703174292,-0.002281418712586155,0.4468043288089806,0.11773868276338018,0.17927147255363332,-0.006021257658424085,0.0,0.0,0.0,0.0,0.0,0.0,-1.1555842076467095,-1.266103262033772,0.6164771914989654,-2.502194071142921,0.7476621593329921,1.4522175104690471,-0.10153650184649993,-0.0009601912281607247,0.0005775787016504671,-0.000794992539272509,0.0011888994517513579,-0.0005477823546735846,-0.0005757043367388378,0.0012160292167377668,0.0012263879179954529
1758245379491437248,98,684,422,35.0,1.221,-0.05932043055525315,-0.098192430298099,1.1291872433705576,0.06053740783183385,0.06564652325436993,-0.0006060628335317726,0.0021197834879259757,0.04069495386309425,0.3148120082960928,-0.002282163464302926,0.44680112112304615,0.11773038493193667,0.17926520258883236,-0.006026349029067562,0.0,0.0,0.0,0.0,0.0,0.0,-1.1555861585626872,-1.2661011652488317,0.6164779053953141,-2.5021948755982124,0.7476673569268175,1.452215129382955,-0.10154230244069277,0.0008874142066124479,-0.0004121841574462333,0.0013576043575435023,0.00011363606958475372,-0.00012557137232474015,6.602941312407727e-05,-0.0003617447048323394,0.0012181922793388367
1758245379594398991,99,684,422,35.0,1.228,-0.05967809034326932,-0.09878446045493507,1.1292918473874345,0.060171541694730366,0.05862273726193279,0.0010159503309577946,-0.0035534182546180064,-0.06821743482370085,0.3148110269239328,-0.0022839428587982193,0.44680230948134764,0.1177255425529116,0.17927008293935623,-0.006030599742275572,0.0,0.0,0.0,0.0,0.0,0.0,-1.1555837266336269,-1.2661046050984004,0.6164780143868215,-2.502193737048875,0.7476641775766113,1.452215995393708,-0.10153302039762663,2.5494036883259505e-07,0.0015123383181597535,-0.0012516966838172516,0.0006345136894114519,9.500100328715521e-05,0.0004516004206262579,-0.0004040562615500743,0.0012181922793388367
1758245379693568691,100,684,422,35.0,1.223,-0.05942261906611492,-0.09836158177148074,1.1292171302325225,0.0604328746498043,0.06363972725653078,-0.0007534272556237396,0.0026352096968522915,0.050589948286603535,0.3148124701803209,-0.0022837096945459994,0.446800935950916,0.11772335088741584,0.17926923759810096,-0.006027490044534062,0.0,0.0,0.0,0.0,0.0,0.0,-1.155584446065289,-1.2661054714871667,0.6164754263471555,-2.5021964633582963,0.7476631051106871,1.4522179279583634,-0.10153689088299556,0.00014452018674502686,-0.0002666204778076072,0.0010559472516880632,0.0002998982380489027,0.0003648889672179085,-0.0002511698857976519,-6.221131178160482e-05,0.0012263879179954529
1758245379793411689,101,684,423,35.0,1.225,-0.05952480757697669,-0.10034319269788866,1.1291592251835016,0.05851899763254829,0.06157310197214705,-0.0005799610406411491,-0.01916886567504724,-0.020698750295776648,0.31481176050179294,-0.002282386012154965,0.4468002879201427,0.11773131870660267,0.17926447425295414,-0.0060289951456115876,0.0,0.0,0.0,0.0,0.0,0.0,-1.1555901987513288,-1.2660981599972227,0.6164775152772837,-2.5021933891705257,0.7476644587933926,1.4522160084756564,-0.10154032276483943,0.00022400140112564777,-0.00038043541594915434,-0.001000974799734027,-6.668594418097535e-05,-0.0006316192549164806,-0.00047712092790541476,-0.0002446992449751822,0.0012263879179954529
1758245379891721910,102,684,422,35.0,1.227,-0.05962699608783844,-0.09869988471824422,1.1292769039564519,0.06022380828574515,0.05962613526085225,0.0011970146313699547,0.017341133361879695,-0.019804316290722154,0.31481341467852253,-0.002280833414912103,0.44680367308317265,0.11773703042934551,0.17927003114972404,-0.00602241798598477,0.0,0.0,0.0,0.0,0.0,0.0,-1.1555844464044502,-1.2661003863407276,0.6164819481664011,-2.5021965331658267,0.7476633116792912,1.4522186108019337,-0.10154115578618327,-0.0011483112399251925,0.0005754282110914348,0.0005815751706554244,0.0020015920642900303,-0.00019388696024906531,-0.0005919924921155647,-0.0012925032643189686,0.0012181922793388367
1758245379995262102,103,684,422,35.0,1.228,-0.05967809034326932,-0.09878446045493507,1.1292918473874345,0.060171541694730366,0.05862273726193279,0.00014432493019356154,-0.0005047951911735678,-0.009690903402221469,0.3148134417087779,-0.0022806264070445855,0.44680351150114983,0.11774034341031102,0.17927252617626843,-0.006024743801079195,0.0,0.0,0.0,0.0,0.0,0.0,-1.1555861595799637,-1.2661017732725108,0.6164743422151973,-2.5021915972475277,0.747663482228374,1.4522210469587815,-0.10153916315440016,-0.00048778753957806197,0.0009811331988004758,-0.00038112643866235695,-0.0003640749703548062,0.0015547350147167246,0.0012238635638549687,-0.0006066170937107944,0.0012181922793388367
1758245380097868088,104,684,422,35.0,1.231,-0.05983137310956198,-0.09903818766500769,1.1293366776803815,0.06001474192168601,0.05561254326517395,0.0004369169353042979,-0.0015281737368067086,-0.02933741114050438,0.3148109938679611,-0.002283014306652865,0.4468017640860026,0.11772428838561247,0.17926601046447743,-0.006021742392002224,0.0,0.0,0.0,0.0,0.0,0.0,-1.1555845284816584,-1.2661055896230553,0.6164736377192689,-2.5021976625424984,0.7476632724274541,1.4522165424192264,-0.10153841928047379,0.0005493009554360252,0.00016715736813636511,9.080293855453538e-05,-0.00013237092101556997,-0.0003294382742279896,0.0008959423400448842,0.00021136816124277887,0.0012263879179954529
1758245380196666494,105,684,422,35.0,1.225,-0.05952480757697669,-0.09853073324486247,1.1292470170944873,0.06032834146777472,0.061632931258691404,-0.0009075104500594213,0.0031741356848278873,0.06093608426756855,0.31481114482663647,-0.0022833098902889314,0.4468003371205055,0.11772376408812683,0.17926772830507642,-0.006030247567172125,0.0,0.0,0.0,0.0,0.0,0.0,-1.15558815647589,-1.266103591632572,0.6164747066523331,-2.502195528851041,0.7476656913491166,1.4522167984128824,-0.10154107167476187,0.0014672776875298053,0.0002745302393621974,-0.00017951541586495924,0.0005072990309617166,0.00044465555578763365,0.00010581882334972157,8.038733660270663e-05,0.0012263879179954529
1758245380295411974,106,684,422,35.0,1.227,-0.05962699608783844,-0.09869988471824422,1.1292769039564519,0.06022380828574515,0.05962613526085225,0.000302665620386774,-0.0010586123236179408,-0.020322915011797504,0.31481189554722655,-0.0022817853673824605,0.44680178195545994,0.11773179013769755,0.1792666922439961,-0.0060247850057277945,0.0,0.0,0.0,0.0,0.0,0.0,-1.1555881578325133,-1.266101852759256,0.6164790105219775,-2.502198798075981,0.7476641780132012,1.4522164681205807,-0.10154202993054931,0.00010290785502058421,-0.0005209019954079681,-6.033412418439197e-06,-0.0019389378554850543,0.0008581630136455183,0.0009292060827459088,-0.0022208727810612556,0.0012181922793388367
1758245380396435879,107,684,423,35.0,1.226,-0.05957590183240755,-0.10042932419376668,1.1291740932566203,0.058465177956696396,0.06056965261761693,-0.0010176868517558768,-0.01740806128063212,0.009339545494352829,0.31481312449111853,-0.002283182533761465,0.4468027453561306,0.11772989497618773,0.17926921910849739,-0.006022275019918214,0.0,0.0,0.0,0.0,0.0,0.0,-1.1555844465193652,-1.2661013400042829,0.616477902341306,-2.5021967655490625,0.7476641780124618,1.4522176674518255,-0.10154125099686222,-0.0008897747794972559,0.0005667766435245504,0.0010256081647195417,0.00037623020579099673,0.001511175387077686,4.390578759267961e-05,0.001034848775586319,0.0012181922793388367
1758245380490676814,108,684,422,35.0,1.228,-0.05967809034326932,-0.09878446045493507,1.1292918473874345,0.060171541694730366,0.05862273726193279,0.0012495008757517395,0.018106396525394933,-0.02065891383276431,0.3148116270192505,-0.0022828182113694305,0.44680292418889944,0.11772630646501568,0.17927073112716907,-0.006029122836435423,0.0,0.0,0.0,0.0,0.0,0.0,-1.1555861677575296,-1.2660994475363632,0.6164757397043354,-2.502190855951201,0.7476641780124874,1.4522171067090186,-0.1015419606949743,0.0008112746771306107,-0.0009396399226528168,0.0001518660744389183,0.001804477531243756,0.0007212580656614375,-0.0006771747384008791,0.0005284376121139172,0.0012181922793388367
1758245380599709964,109,684,422,35.0,1.23,-0.05978027885413109,-0.09895361192831682,1.129321734249399,0.06006700851270078,0.05661594126409364,0.0002741080301228552,-0.0009587284420342143,-0.018405374859289586,0.31481315217705397,-0.0022817873033855306,0.44680394450678257,0.11773365401182392,0.17927180753468605,-0.00601990397677401,0.0,0.0,0.0,0.0,0.0,0.0,-1.1555844460652887,-1.2661018758706764,0.6164796879358108,-2.502189219545968,0.7476655908632769,1.4522169112872634,-0.10154125162891804,0.0010819226311369599,-0.0003683125722005567,0.00037907351350065113,0.0009269180712337422,-0.00025796351988070294,0.00010123208643856167,-0.0011407766109111617,0.0012181922793388367
1758245380695510132,110,684,422,35.0,1.225,-0.05952480757697669,-0.09853073324486247,1.1292470170944873,0.06032834146777472,0.061632931258691404,-0.0007799271804179667,0.0027278966261723007,0.05236932355481636,0.3148112009858157,-0.0022838490170585344,0.44680131578785537,0.11772928638218251,0.1792680045089384,-0.006029668362751119,0.0,0.0,0.0,0.0,0.0,0.0,-1.155586158600163,-1.2660994036966926,0.6164772148285662,-2.5021984697241955,0.7476593359482225,1.4522175104866148,-0.10153863532226509,0.0002811839875480501,-0.0009444671655183168,-0.00011584300916656025,-0.0007216765062769957,0.0005249039368532349,-0.0008624476213776681,0.0004765740881170667,0.0012181922793388367
1758245380792206498,111,684,423,35.0,1.225,-0.05952480757697669,-0.10034319269788866,1.1291592251835016,0.05851899763254829,0.06157310197214705,-0.0009079132403551132,-0.01871160117047661,-0.0006187335576225795,0.3148124538426544,-0.0022816874282614932,0.44680291252779997,0.1177359837798316,0.17926847702963275,-0.006024311234547587,0.0,0.0,0.0,0.0,0.0,0.0,-1.1555854442949578,-1.2661014331888176,0.6164771237838598,-2.5021966502573387,0.7476641780124628,1.4522174086233797,-0.10153766144604517,0.00018655298427237033,-0.00020840694647815492,-0.0017002254261379416,0.0011422658217456493,0.00018010497538716329,0.0014091187348732636,0.0009835164009248717,0.0012181922793388367
1758245380892666101,112,684,422,35.0,1.225,-0.05952480757697669,-0.09853073324486247,1.1292470170944873,0.06032834146777472,0.061632931258691404,0.0008739026271647122,0.01801066081483952,0.0005955556737005525,0.31481175195732364,-0.0022828841439903875,0.4468021806666277,0.11772959815908615,0.179268263924164,-0.006025785845370512,0.0,0.0,0.0,0.0,0.0,0.0,-1.155588156475918,-1.2661018787776703,0.6164793239265761,-2.502196459868685,0.7476663484995811,1.4522195317199473,-0.10153407398357102,0.0008416505229160802,-0.0011560924876840982,-0.0006018447211075519,-0.001022024534338887,-2.1689089703952588e-05,7.669579796671177e-05,-0.0005625053570790777,0.0012263879179954529
1758245380990926569,113,684,422,35.0,1.227,-0.05962699608783844,-0.09869988471824422,1.1292769039564519,0.06022380828574515,0.05962613526085225,0.0003041595727448579,-0.001063837616055003,-0.020423228574884766,0.314812547315419,-0.00228211515099115,0.44680377792416326,0.1177331397686859,0.17927056771987193,-0.006019286446954246,0.0,0.0,0.0,0.0,0.0,0.0,-1.1555881564758836,-1.2661014459905275,0.6164752905283558,-2.502192675117773,0.747663105147688,1.452214377579068,-0.10154413948102554,0.0005235023274494607,-0.00017142620026069347,-0.000855302222403542,2.9745595856169114e-05,-0.0001703897008388425,-0.001039776367617563,0.000658980044578713,0.0012263879179954529
1758245381094864724,114,684,422,35.0,1.231,-0.05983137310956198,-0.09903818766500769,1.1293366776803815,0.06001474192168601,0.05561254326517395,0.000575089330088875,-0.002011449636172056,-0.03861519377247268,0.3148128000721517,-0.0022817614008909036,0.44680278015158925,0.11772845938766799,0.17926567387735073,-0.006017838321409153,0.0,0.0,0.0,0.0,0.0,0.0,-1.1555830420447673,-1.2660952270308417,0.616478668034144,-2.5021931636457064,0.7476649341588312,1.4522144895015507,-0.10153811278092453,0.0009127765096997514,0.0010636545636336008,-0.0009940138092336143,-0.0032948028311289117,-0.0010113758630284505,-0.00014116675403273731,-0.0010144407170164398,0.0012181922793388367
1758245381196452701,115,684,422,35.0,1.23,-0.05978027885413109,-0.09895361192831682,1.129321734249399,0.06006700851270078,0.05661594126409364,-0.0001470984207354175,0.0005144958346278916,0.009877133382818384,0.31481120574808763,-0.002282333953862195,0.44679951404665663,0.11773308761931237,0.17926276015670387,-0.0060232318846067225,0.0,0.0,0.0,0.0,0.0,0.0,-1.1555844461783598,-1.2661018915325315,0.6164758864801089,-2.502196217068006,0.7476656912863459,1.4522144909579837,-0.10153837985065044,-0.00031151903042039717,-0.0013142422683814626,9.335351485792876e-05,0.0006621005836185891,-0.000717443579512194,0.001469929577614013,-0.0006767472193827485,0.0012181922793388367
1758245381295595970,116,684,422,35.0,1.228,-0.05967809034326932,-0.09878446045493507,1.1292918473874345,0.060171541694730366,0.05862273726193279,-0.00030145124591957707,0.0010543648911716112,0.020241374105176523,0.31481248691077907,-0.0022813898953475942,0.4468015976722951,0.11772935699091887,0.17926560112241205,-0.00602324437602327,0.0,0.0,0.0,0.0,0.0,0.0,-1.1555829808169809,-1.266103590657251,0.6164772031607909,-2.5021927327744904,0.7476649356305426,1.4522143717671645,-0.1015342763256314,8.860025438686415e-06,0.0006687517240738977,0.0007649397489176805,-0.0004308350519310835,-0.0004988561481631971,0.0005950689738264583,0.0007969950301875226,0.001234583556652069
1758245381395645451,117,684,422,35.0,1.221,-0.05932043055525315,-0.098192430298099,1.1291872433705576,0.06053740783183385,0.06564652325436993,-0.001045522833615113,0.0036568519241342965,0.07020312271721967,0.3148115320546131,-0.0022823562891177104,0.44680229870479843,0.11772269518081505,0.17926981656410654,-0.006027255272213544,0.0,0.0,0.0,0.0,0.0,0.0,-1.1555843788064555,-1.2660989122616573,0.6164725593213828,-2.502192925192946,0.7476640588031979,1.4522167528502947,-0.10153612890251436,0.00019405662423312018,4.165107791803365e-05,-0.0008027384753719283,0.00041220017070559185,0.0002800579162156347,0.00018451076493237534,0.0024854600274613493,0.001234583556652069
1758245381496501749,118,684,422,35.0,1.229,-0.05972918459870021,-0.09886903619162596,1.129306790818417,0.060119275103715564,0.057619339263013325,0.0011853245680229837,-0.004145826650491271,-0.07959030968355195,0.31481230339931293,-0.0022823949563961477,0.4468024717751961,0.11773686973411947,0.17926710295168383,-0.006016648117933561,0.0,0.0,0.0,0.0,0.0,0.0,-1.1555851888671491,-1.2661035917474204,0.616476125486671,-2.5021951228466897,0.7476671986331355,1.452218731468526,-0.1015391762495121,-0.0001726089922549749,0.0017538740627749837,-0.0005658745511169539,0.0005233716506672947,0.00016150368600575013,0.0007373522812472674,-0.0016185752107021163,0.0012181922793388367
1758245381596610322,119,684,422,35.0,1.229,-0.05972918459870021,-0.09886903619162596,1.129306790818417,0.060119275103715564,0.057619339263013325,0.0,0.0,0.0,0.3148120451398693,-0.00228093791964665,0.4468020628724977,0.11773141905245081,0.17926844908153636,-0.006027505935789401,0.0,0.0,0.0,0.0,0.0,0.0,-1.1555844460652887,-1.2661035122705238,0.6164769645270769,-2.502200149286867,0.7476684558088179,1.452215995232223,-0.10154080052840908,0.00031937084864120383,-3.936409298296758e-05,-0.00032393550913084644,0.0013732199900941598,0.0001131528294280868,-0.00018689122004856358,0.001530886332636693,0.0012181922793388367
1758245381692641429,120,684,422,35.0,1.223,-0.05942261906611492,-0.09836158177148074,1.1292171302325225,0.0604328746498043,0.06363972725653078,-0.0009336619007675865,0.0032656037807492363,0.06269206074566495,0.31481179989209124,-0.0022820226527262093,0.446801127916821,0.11773208293396317,0.17926472458036122,-0.006024934893640717,0.0,0.0,0.0,0.0,0.0,0.0,-1.155587147860889,-1.2660987758475606,0.6164754209448025,-2.5021936588374443,0.7476635051192977,1.4522175899251089,-0.10153596993973957,0.0003747610365072866,-0.0006236716159668254,-8.871548797402105e-05,0.0004918863432792006,-0.001215320521826126,-0.00013574696332773568,-0.0013385535700499804,0.0012263879179954529
1758245381793212038,121,684,422,35.0,1.223,-0.05942261906611492,-0.09836158177148074,1.1292171302325225,0.0604328746498043,0.06363972725653078,0.0,0.0,0.0,0.3148126236377073,-0.0022820547917994944,0.44680137538083897,0.11773249636674787,0.17926276231576205,-0.006018995506409834,0.0,0.0,0.0,0.0,0.0,0.0,-1.1555852955031634,-1.26609901817838,0.6164715852512656,-2.5021976360511444,0.7476649356305508,1.452220992049786,-0.10153298971088252,0.0018692828597166246,-0.00021557652917689868,0.0007874075995026377,0.0009823654550738918,0.0004887134717094759,0.0008460536889501206,0.0005315555897854356,0.0012263879179954529
1758245381891888889,122,684,422,35.0,1.222,-0.05937152481068403,-0.09827700603478987,1.1292021868015398,0.060485141240819086,0.06464312525545024,-0.0001514380610162353,0.0005296742902222115,0.010168524722373479,0.3148128275475796,-0.0022835552590277754,0.4468042598102263,0.11772775361594523,0.17927497536059733,-0.006024219749165666,0.0,0.0,0.0,0.0,0.0,0.0,-1.1555807356547108,-1.2660997334829456,0.6164772046636409,-2.502194876617078,0.7476625530791581,1.4522200859887757,-0.1015361464777115,-0.0009141951518158038,-0.00010276302572716465,0.0006463558402685575,-0.0014306005672054443,0.0003311716251024378,0.00032524823126873765,0.0006035738524443265,0.0012181922793388367
1758245381991284045,123,684,422,35.0,1.223,-0.05942261906611492,-0.09836158177148074,1.1292171302325225,0.0604328746498043,0.06363972725653078,0.00015034365439929446,-0.0005258464609159417,-0.010095039228264446,0.31481221583998276,-0.002281867373977561,0.4468036620689951,0.11773628152778638,0.1792719323985514,-0.006022621026849322,0.0,0.0,0.0,0.0,0.0,0.0,-1.1555844552603398,-1.2661018439284895,0.6164736014168999,-2.5021933843090762,0.7476641825348415,1.4522178646547217,-0.1015384324435212,-0.0008585158739505619,-0.0010364448227280472,-0.0003571862828714811,-0.0016762940585678654,0.0012507713565663209,-0.00010437757132266193,-0.0005074697045761855,0.0012181922793388367
1758245382193706636,124,684,422,35.0,1.229,-0.05972918459870021,-0.09886903619162596,1.129306790818417,0.060119275103715564,0.057619339263013325,0.00044293764570198333,-0.0015492319535062886,-0.02974168033210014,0.3148125402728769,-0.002281583878703392,0.4468023888556961,0.1177357322205781,0.17926730662750037,-0.006021757168702762,0.0,0.0,0.0,0.0,0.0,0.0,-1.1555881564718462,-1.2661003863299662,0.6164770977351057,-2.5021976355365774,0.7476641823731135,1.4522178124824452,-0.10153614209654621,-4.459229604187459e-05,0.0004256807147133816,0.001489041515631057,-0.0001345827099824261,-0.0006949610376362096,-0.0007772762237623078,-0.000572620880671336,0.0012181922793388367
1758245382208415039,125,684,422,35.0,1.225,-0.05952480757697669,-0.09853073324486247,1.1292470170944873,0.06032834146777472,0.061632931258691404,-0.004063916655643964,0.014214076406470412,0.27287748341394225,0.3148133693060527,-0.0022811373754938143,0.44680040127753534,0.11773175262988883,0.17926275467285294,-0.006030648917747189,0.0,0.0,0.0,0.0,0.0,0.0,-1.1555845284817425,-1.266097063277843,0.6164750575055113,-2.50219374635659,0.7476650591805326,1.4522192919088461,-0.10153759340639497,-0.0002677034061964641,0.0014191274914808498,-0.0013167564307363898,-0.0010229538274754459,1.8980986886824632e-05,0.0005339295579956497,-0.00015395130634724167,0.0012181922793388367
1758245382292965597,126,684,422,35.0,1.228,-0.05967809034326932,-0.09878446045493507,1.1292918473874345,0.060171541694730366,0.05862273726193279,0.0005302187709656244,-0.0018545090269464198,-0.0356022960458595,0.31481192560095156,-0.00228251736563113,0.44680172478758373,0.11772698610514562,0.17926739297906658,-0.006026527409191851,0.0,0.0,0.0,0.0,0.0,0.0,-1.155584446077902,-1.266099626100001,0.6164732777455221,-2.502195605590899,0.7476641780151458,1.4522191741674855,-0.10153675501910552,-0.0004761736679938941,0.0010540149761269714,-0.0007996861579857701,0.00128530078160174,4.0948574895353234e-05,0.000133957982599043,-0.0006217489283653371,0.0012181922793388367
1758245382393729941,127,684,422,35.0,1.227,-0.05962699608783844,-0.09869988471824422,1.1292769039564519,0.06022380828574515,0.05962613526085225,-0.00014830078169940705,0.0005187012482787356,0.009957867625471408,0.3148120822425813,-0.002282122085050817,0.44680220218608224,0.11772838784681056,0.17926617575378348,-0.006023950560151342,0.0,0.0,0.0,0.0,0.0,0.0,-1.1555861595799661,-1.2661017966717787,0.6164789859222181,-2.5021962075342783,0.7476642957459784,1.4522151293829553,-0.10153614591538389,0.0006503523506150725,0.00013064465583080933,0.000457801072829093,-0.0004894784223230423,0.0007117518200701795,0.0003341838302071191,-0.000843754880419286,0.0012181922793388367
1758245382493772925,128,684,422,35.0,1.223,-0.05942261906611492,-0.09836158177148074,1.1292171302325225,0.0604328746498043,0.06363972725653078,-0.0005974804183110093,0.0020897653758422956,0.04011867534537477,0.3148118872330158,-0.0022826727287324077,0.44680299743898627,0.11772489288333074,0.17927085687542016,-0.006024042157984322,0.0,0.0,0.0,0.0,0.0,0.0,-1.1555864058113254,-1.2661001657718451,0.6164769648522652,-2.502203032855197,0.7476664509208581,1.452215995240863,-0.10153689089835416,-0.0004483793079500722,-0.0007169767758783687,-0.0010372255339377735,0.0017128259319889624,0.0014433981532404974,-0.0004044746229544742,-0.001942472378781244,0.0012263879179954529
1758245382593682305,129,684,422,35.0,1.227,-0.05962699608783844,-0.09869988471824422,1.1292769039564519,0.06022380828574515,0.05962613526085225,0.0005982794000863744,-0.002092559918389492,-0.04017232411689996,0.3148112268607499,-0.002282432546738227,0.44680190836597333,0.11772721951455582,0.17927162639674415,-0.0060336929680622695,0.0,0.0,0.0,0.0,0.0,0.0,-1.1555881564758685,-1.2661052561762407,0.6164771915002872,-2.502197510049282,0.7476684553262698,1.4522167136044324,-0.10153612461956935,-0.0007212119210556453,-0.0003899321801176951,-0.0019217517199782142,0.0006349257132678499,0.0002567772560686319,0.0010781734414106292,0.0007718715232308529,0.0012263879179954529
1758245382694005724,130,684,422,35.0,1.226,-0.05957590183240755,-0.09861530898155334,1.1292619605254695,0.06027607487675994,0.06062953325977216,-0.00014895256891519929,0.0005209809587409289,0.010001632808386526,0.31481186993876925,-0.002283717233340668,0.44680055740240227,0.11773000683371505,0.17926560355621826,-0.006029716575424806,0.0,0.0,0.0,0.0,0.0,0.0,-1.1555861595799635,-1.266104529035701,0.6164775421666334,-2.5021984389150296,0.7476633121632204,1.4522169098904287,-0.10154079890553028,3.642341636643642e-05,0.00025047635780908457,-0.0005180593533573374,0.0007493294170301778,0.0006829471644246654,-5.752962491065958e-05,0.0015613047416304223,0.0012263879179954529
1758245382791207014,131,684,422,35.0,1.227,-0.05962699608783844,-0.09869988471824422,1.1292769039564519,0.06022380828574515,0.05962613526085225,0.0001537369615403861,-0.0005377149934408064,-0.010322887678958873,0.31481265380884005,-0.0022812532181824695,0.4468022730083313,0.1177250997065423,0.1792674403374437,-0.00602405516945454,0.0,0.0,0.0,0.0,0.0,0.0,-1.1555827610401987,-1.26610133963679,0.6164789815623012,-2.502196203500004,0.7476641838805974,1.452217549714231,-0.1015406762349741,0.0008628714556311141,0.0001735741077147413,-0.00015731369808848748,0.0005996620407825449,-0.0008927989560237317,-0.0012926473602133104,0.00012777235135478702,0.0012263879179954529
